ISO-10303-21;
HEADER;
/* Generated by software containing ST-Developer
 * from STEP Tools, Inc. (www.steptools.com) 
 */

FILE_DESCRIPTION(
/* description */ (''),
/* implementation_level */ '2;1');

FILE_NAME(
/* name */ 'spring.step',
/* time_stamp */ '2026-05-22T11:26:48-07:00',
/* author */ (''),
/* organization */ (''),
/* preprocessor_version */ 'ST-DEVELOPER v20.1',
/* originating_system */ 'Autodesk Translation Framework v15.8.0.0',
/* authorisation */ '');

FILE_SCHEMA (('AUTOMOTIVE_DESIGN { 1 0 10303 214 3 1 1 }'));
ENDSEC;

DATA;
#10=MECHANICAL_DESIGN_GEOMETRIC_PRESENTATION_REPRESENTATION('',(#135,#136,
#137,#138,#139,#140,#141,#142,#143),#1867);
#11=SHAPE_REPRESENTATION_RELATIONSHIP('SRR','None',#1874,#12);
#12=ADVANCED_BREP_SHAPE_REPRESENTATION('',(#144,#145,#146,#147,#148,#149,
#150,#151,#152),#1866);
#13=FACE_BOUND('',#242,.T.);
#14=FACE_BOUND('',#245,.T.);
#15=LINE('',#1682,#67);
#16=LINE('',#1689,#68);
#17=LINE('',#1697,#69);
#18=LINE('',#1704,#70);
#19=LINE('',#1711,#71);
#20=LINE('',#1713,#72);
#21=LINE('',#1715,#73);
#22=LINE('',#1716,#74);
#23=LINE('',#1722,#75);
#24=LINE('',#1725,#76);
#25=LINE('',#1727,#77);
#26=LINE('',#1728,#78);
#27=LINE('',#1737,#79);
#28=LINE('',#1739,#80);
#29=LINE('',#1741,#81);
#30=LINE('',#1742,#82);
#31=LINE('',#1748,#83);
#32=LINE('',#1751,#84);
#33=LINE('',#1753,#85);
#34=LINE('',#1754,#86);
#35=LINE('',#1763,#87);
#36=LINE('',#1765,#88);
#37=LINE('',#1767,#89);
#38=LINE('',#1768,#90);
#39=LINE('',#1774,#91);
#40=LINE('',#1777,#92);
#41=LINE('',#1779,#93);
#42=LINE('',#1780,#94);
#43=LINE('',#1789,#95);
#44=LINE('',#1791,#96);
#45=LINE('',#1793,#97);
#46=LINE('',#1794,#98);
#47=LINE('',#1800,#99);
#48=LINE('',#1803,#100);
#49=LINE('',#1805,#101);
#50=LINE('',#1806,#102);
#51=LINE('',#1815,#103);
#52=LINE('',#1817,#104);
#53=LINE('',#1819,#105);
#54=LINE('',#1820,#106);
#55=LINE('',#1826,#107);
#56=LINE('',#1829,#108);
#57=LINE('',#1831,#109);
#58=LINE('',#1832,#110);
#59=LINE('',#1841,#111);
#60=LINE('',#1843,#112);
#61=LINE('',#1845,#113);
#62=LINE('',#1846,#114);
#63=LINE('',#1852,#115);
#64=LINE('',#1855,#116);
#65=LINE('',#1857,#117);
#66=LINE('',#1858,#118);
#67=VECTOR('',#807,12.85);
#68=VECTOR('',#816,19.4164881282758);
#69=VECTOR('',#827,17.15);
#70=VECTOR('',#836,19.4164881282758);
#71=VECTOR('',#845,10.);
#72=VECTOR('',#846,10.);
#73=VECTOR('',#847,10.);
#74=VECTOR('',#848,10.);
#75=VECTOR('',#855,10.);
#76=VECTOR('',#858,10.);
#77=VECTOR('',#859,10.);
#78=VECTOR('',#860,10.);
#79=VECTOR('',#873,10.);
#80=VECTOR('',#874,10.);
#81=VECTOR('',#875,10.);
#82=VECTOR('',#876,10.);
#83=VECTOR('',#883,10.);
#84=VECTOR('',#886,10.);
#85=VECTOR('',#887,10.);
#86=VECTOR('',#888,10.);
#87=VECTOR('',#901,10.);
#88=VECTOR('',#902,10.);
#89=VECTOR('',#903,10.);
#90=VECTOR('',#904,10.);
#91=VECTOR('',#911,10.);
#92=VECTOR('',#914,10.);
#93=VECTOR('',#915,10.);
#94=VECTOR('',#916,10.);
#95=VECTOR('',#929,10.);
#96=VECTOR('',#930,10.);
#97=VECTOR('',#931,10.);
#98=VECTOR('',#932,10.);
#99=VECTOR('',#939,10.);
#100=VECTOR('',#942,10.);
#101=VECTOR('',#943,10.);
#102=VECTOR('',#944,10.);
#103=VECTOR('',#957,10.);
#104=VECTOR('',#958,10.);
#105=VECTOR('',#959,10.);
#106=VECTOR('',#960,10.);
#107=VECTOR('',#967,10.);
#108=VECTOR('',#970,10.);
#109=VECTOR('',#971,10.);
#110=VECTOR('',#972,10.);
#111=VECTOR('',#985,10.);
#112=VECTOR('',#986,10.);
#113=VECTOR('',#987,10.);
#114=VECTOR('',#988,10.);
#115=VECTOR('',#995,10.);
#116=VECTOR('',#998,10.);
#117=VECTOR('',#999,10.);
#118=VECTOR('',#1000,10.);
#119=CYLINDRICAL_SURFACE('',#715,12.85);
#120=CYLINDRICAL_SURFACE('',#719,19.4164881282758);
#121=CYLINDRICAL_SURFACE('',#724,17.15);
#122=CYLINDRICAL_SURFACE('',#729,19.4164881282758);
#123=CYLINDRICAL_SURFACE('',#734,13.);
#124=CYLINDRICAL_SURFACE('',#738,17.15);
#125=CYLINDRICAL_SURFACE('',#744,13.);
#126=CYLINDRICAL_SURFACE('',#748,17.15);
#127=CYLINDRICAL_SURFACE('',#754,13.);
#128=CYLINDRICAL_SURFACE('',#758,17.15);
#129=CYLINDRICAL_SURFACE('',#764,13.);
#130=CYLINDRICAL_SURFACE('',#768,17.15);
#131=CYLINDRICAL_SURFACE('',#774,16.5);
#132=CYLINDRICAL_SURFACE('',#778,12.85);
#133=CYLINDRICAL_SURFACE('',#784,16.5);
#134=CYLINDRICAL_SURFACE('',#788,12.85);
#135=STYLED_ITEM('',(#1883),#144);
#136=STYLED_ITEM('',(#1883),#145);
#137=STYLED_ITEM('',(#1883),#146);
#138=STYLED_ITEM('',(#1883),#147);
#139=STYLED_ITEM('',(#1883),#148);
#140=STYLED_ITEM('',(#1883),#149);
#141=STYLED_ITEM('',(#1883),#150);
#142=STYLED_ITEM('',(#1883),#151);
#143=STYLED_ITEM('',(#1883),#152);
#144=MANIFOLD_SOLID_BREP('Body6',#689);
#145=MANIFOLD_SOLID_BREP('Body8',#690);
#146=MANIFOLD_SOLID_BREP('Body73',#691);
#147=MANIFOLD_SOLID_BREP('Body74',#692);
#148=MANIFOLD_SOLID_BREP('Body75',#693);
#149=MANIFOLD_SOLID_BREP('Body76',#694);
#150=MANIFOLD_SOLID_BREP('Body77',#695);
#151=MANIFOLD_SOLID_BREP('Body80',#696);
#152=MANIFOLD_SOLID_BREP('Body81',#697);
#153=PLANE('',#713);
#154=PLANE('',#714);
#155=PLANE('',#718);
#156=PLANE('',#722);
#157=PLANE('',#723);
#158=PLANE('',#727);
#159=PLANE('',#731);
#160=PLANE('',#732);
#161=PLANE('',#733);
#162=PLANE('',#737);
#163=PLANE('',#741);
#164=PLANE('',#742);
#165=PLANE('',#743);
#166=PLANE('',#747);
#167=PLANE('',#751);
#168=PLANE('',#752);
#169=PLANE('',#753);
#170=PLANE('',#757);
#171=PLANE('',#761);
#172=PLANE('',#762);
#173=PLANE('',#763);
#174=PLANE('',#767);
#175=PLANE('',#771);
#176=PLANE('',#772);
#177=PLANE('',#773);
#178=PLANE('',#777);
#179=PLANE('',#781);
#180=PLANE('',#782);
#181=PLANE('',#783);
#182=PLANE('',#787);
#183=PLANE('',#791);
#184=PLANE('',#792);
#185=FACE_OUTER_BOUND('',#234,.T.);
#186=FACE_OUTER_BOUND('',#235,.T.);
#187=FACE_OUTER_BOUND('',#236,.T.);
#188=FACE_OUTER_BOUND('',#237,.T.);
#189=FACE_OUTER_BOUND('',#238,.T.);
#190=FACE_OUTER_BOUND('',#239,.T.);
#191=FACE_OUTER_BOUND('',#240,.T.);
#192=FACE_OUTER_BOUND('',#241,.T.);
#193=FACE_OUTER_BOUND('',#243,.T.);
#194=FACE_OUTER_BOUND('',#244,.T.);
#195=FACE_OUTER_BOUND('',#246,.T.);
#196=FACE_OUTER_BOUND('',#247,.T.);
#197=FACE_OUTER_BOUND('',#248,.T.);
#198=FACE_OUTER_BOUND('',#249,.T.);
#199=FACE_OUTER_BOUND('',#250,.T.);
#200=FACE_OUTER_BOUND('',#251,.T.);
#201=FACE_OUTER_BOUND('',#252,.T.);
#202=FACE_OUTER_BOUND('',#253,.T.);
#203=FACE_OUTER_BOUND('',#254,.T.);
#204=FACE_OUTER_BOUND('',#255,.T.);
#205=FACE_OUTER_BOUND('',#256,.T.);
#206=FACE_OUTER_BOUND('',#257,.T.);
#207=FACE_OUTER_BOUND('',#258,.T.);
#208=FACE_OUTER_BOUND('',#259,.T.);
#209=FACE_OUTER_BOUND('',#260,.T.);
#210=FACE_OUTER_BOUND('',#261,.T.);
#211=FACE_OUTER_BOUND('',#262,.T.);
#212=FACE_OUTER_BOUND('',#263,.T.);
#213=FACE_OUTER_BOUND('',#264,.T.);
#214=FACE_OUTER_BOUND('',#265,.T.);
#215=FACE_OUTER_BOUND('',#266,.T.);
#216=FACE_OUTER_BOUND('',#267,.T.);
#217=FACE_OUTER_BOUND('',#268,.T.);
#218=FACE_OUTER_BOUND('',#269,.T.);
#219=FACE_OUTER_BOUND('',#270,.T.);
#220=FACE_OUTER_BOUND('',#271,.T.);
#221=FACE_OUTER_BOUND('',#272,.T.);
#222=FACE_OUTER_BOUND('',#273,.T.);
#223=FACE_OUTER_BOUND('',#274,.T.);
#224=FACE_OUTER_BOUND('',#275,.T.);
#225=FACE_OUTER_BOUND('',#276,.T.);
#226=FACE_OUTER_BOUND('',#277,.T.);
#227=FACE_OUTER_BOUND('',#278,.T.);
#228=FACE_OUTER_BOUND('',#279,.T.);
#229=FACE_OUTER_BOUND('',#280,.T.);
#230=FACE_OUTER_BOUND('',#281,.T.);
#231=FACE_OUTER_BOUND('',#282,.T.);
#232=FACE_OUTER_BOUND('',#283,.T.);
#233=FACE_OUTER_BOUND('',#284,.T.);
#234=EDGE_LOOP('',(#465,#466,#467,#468));
#235=EDGE_LOOP('',(#469));
#236=EDGE_LOOP('',(#470));
#237=EDGE_LOOP('',(#471,#472,#473,#474));
#238=EDGE_LOOP('',(#475));
#239=EDGE_LOOP('',(#476,#477,#478,#479));
#240=EDGE_LOOP('',(#480));
#241=EDGE_LOOP('',(#481));
#242=EDGE_LOOP('',(#482));
#243=EDGE_LOOP('',(#483,#484,#485,#486));
#244=EDGE_LOOP('',(#487));
#245=EDGE_LOOP('',(#488));
#246=EDGE_LOOP('',(#489,#490,#491,#492));
#247=EDGE_LOOP('',(#493));
#248=EDGE_LOOP('',(#494));
#249=EDGE_LOOP('',(#495,#496,#497,#498));
#250=EDGE_LOOP('',(#499,#500,#501,#502));
#251=EDGE_LOOP('',(#503,#504,#505,#506));
#252=EDGE_LOOP('',(#507,#508,#509,#510));
#253=EDGE_LOOP('',(#511,#512,#513,#514));
#254=EDGE_LOOP('',(#515,#516,#517,#518));
#255=EDGE_LOOP('',(#519,#520,#521,#522));
#256=EDGE_LOOP('',(#523,#524,#525,#526));
#257=EDGE_LOOP('',(#527,#528,#529,#530));
#258=EDGE_LOOP('',(#531,#532,#533,#534));
#259=EDGE_LOOP('',(#535,#536,#537,#538));
#260=EDGE_LOOP('',(#539,#540,#541,#542));
#261=EDGE_LOOP('',(#543,#544,#545,#546));
#262=EDGE_LOOP('',(#547,#548,#549,#550));
#263=EDGE_LOOP('',(#551,#552,#553,#554));
#264=EDGE_LOOP('',(#555,#556,#557,#558));
#265=EDGE_LOOP('',(#559,#560,#561,#562));
#266=EDGE_LOOP('',(#563,#564,#565,#566));
#267=EDGE_LOOP('',(#567,#568,#569,#570));
#268=EDGE_LOOP('',(#571,#572,#573,#574));
#269=EDGE_LOOP('',(#575,#576,#577,#578));
#270=EDGE_LOOP('',(#579,#580,#581,#582));
#271=EDGE_LOOP('',(#583,#584,#585,#586));
#272=EDGE_LOOP('',(#587,#588,#589,#590));
#273=EDGE_LOOP('',(#591,#592,#593,#594));
#274=EDGE_LOOP('',(#595,#596,#597,#598));
#275=EDGE_LOOP('',(#599,#600,#601,#602));
#276=EDGE_LOOP('',(#603,#604,#605,#606));
#277=EDGE_LOOP('',(#607,#608,#609,#610));
#278=EDGE_LOOP('',(#611,#612,#613,#614));
#279=EDGE_LOOP('',(#615,#616,#617,#618));
#280=EDGE_LOOP('',(#619,#620,#621,#622));
#281=EDGE_LOOP('',(#623,#624,#625,#626));
#282=EDGE_LOOP('',(#627,#628,#629,#630));
#283=EDGE_LOOP('',(#631,#632,#633,#634));
#284=EDGE_LOOP('',(#635,#636,#637,#638));
#285=B_SPLINE_CURVE_WITH_KNOTS('',3,(#1620,#1621,#1622,#1623,#1624,#1625,
#1626,#1627,#1628,#1629,#1630,#1631,#1632,#1633,#1634,#1635,#1636,#1637,
#1638,#1639,#1640,#1641,#1642,#1643,#1644,#1645,#1646,#1647,#1648,#1649,
#1650,#1651,#1652,#1653,#1654,#1655,#1656,#1657,#1658,#1659,#1660,#1661,
#1662,#1663,#1664,#1665,#1666,#1667,#1668,#1669,#1670,#1671,#1672,#1673,
#1674),.UNSPECIFIED.,.F.,.F.,(4,1,1,1,1,1,1,1,1,1,1,1,1,1,1,1,1,1,1,1,1,
1,1,1,1,1,1,1,1,1,1,1,1,1,1,1,1,1,1,1,1,1,1,1,1,1,1,1,1,1,1,1,4),(0.,0.483321946706122,
0.966643893412244,1.44996584011837,1.93328778682449,2.41660973353061,2.89993168023673,
3.38325362694285,3.86657557364898,4.3498975203551,4.83321946706122,5.31654141376734,
5.79986336047346,6.28318530717959,6.76650725388571,7.24982920059183,7.73315114729795,
8.21647309400407,8.6997950407102,9.18311698741632,9.66643893412244,10.1497608808286,
10.6330828275347,11.1164047742408,11.5997267209469,12.083048667653,12.5663706143592,
13.0496925610653,13.5330145077714,14.0163364544775,14.4996584011837,14.9829803478898,
15.4663022945959,15.949624241302,16.4329461880081,16.9162681347143,17.3995900814204,
17.8829120281265,18.3662339748326,18.8495559215388,19.3328778682449,19.816199814951,
20.2995217616571,20.7828437083632,21.2661656550694,21.7494876017755,22.2328095484816,
22.7161314951877,23.1994534418939,23.6827753886,24.1660973353061,24.6494192820122,
25.1327412287183),.UNSPECIFIED.);
#286=CIRCLE('',#711,1.68);
#287=CIRCLE('',#712,1.68);
#288=CIRCLE('',#716,12.85);
#289=CIRCLE('',#717,12.85);
#290=CIRCLE('',#720,19.4164881282758);
#291=CIRCLE('',#721,19.4164881282758);
#292=CIRCLE('',#725,17.15);
#293=CIRCLE('',#726,17.15);
#294=CIRCLE('',#728,19.4164881282758);
#295=CIRCLE('',#730,19.4164881282758);
#296=CIRCLE('',#735,13.);
#297=CIRCLE('',#736,13.);
#298=CIRCLE('',#739,17.15);
#299=CIRCLE('',#740,17.15);
#300=CIRCLE('',#745,13.);
#301=CIRCLE('',#746,13.);
#302=CIRCLE('',#749,17.15);
#303=CIRCLE('',#750,17.15);
#304=CIRCLE('',#755,13.);
#305=CIRCLE('',#756,13.);
#306=CIRCLE('',#759,17.15);
#307=CIRCLE('',#760,17.15);
#308=CIRCLE('',#765,13.);
#309=CIRCLE('',#766,13.);
#310=CIRCLE('',#769,17.15);
#311=CIRCLE('',#770,17.15);
#312=CIRCLE('',#775,16.5);
#313=CIRCLE('',#776,16.5);
#314=CIRCLE('',#779,12.85);
#315=CIRCLE('',#780,12.85);
#316=CIRCLE('',#785,16.5);
#317=CIRCLE('',#786,16.5);
#318=CIRCLE('',#789,12.85);
#319=CIRCLE('',#790,12.85);
#320=VERTEX_POINT('',#1617);
#321=VERTEX_POINT('',#1619);
#322=VERTEX_POINT('',#1679);
#323=VERTEX_POINT('',#1681);
#324=VERTEX_POINT('',#1686);
#325=VERTEX_POINT('',#1688);
#326=VERTEX_POINT('',#1694);
#327=VERTEX_POINT('',#1696);
#328=VERTEX_POINT('',#1700);
#329=VERTEX_POINT('',#1703);
#330=VERTEX_POINT('',#1709);
#331=VERTEX_POINT('',#1710);
#332=VERTEX_POINT('',#1712);
#333=VERTEX_POINT('',#1714);
#334=VERTEX_POINT('',#1718);
#335=VERTEX_POINT('',#1720);
#336=VERTEX_POINT('',#1724);
#337=VERTEX_POINT('',#1726);
#338=VERTEX_POINT('',#1735);
#339=VERTEX_POINT('',#1736);
#340=VERTEX_POINT('',#1738);
#341=VERTEX_POINT('',#1740);
#342=VERTEX_POINT('',#1744);
#343=VERTEX_POINT('',#1746);
#344=VERTEX_POINT('',#1750);
#345=VERTEX_POINT('',#1752);
#346=VERTEX_POINT('',#1761);
#347=VERTEX_POINT('',#1762);
#348=VERTEX_POINT('',#1764);
#349=VERTEX_POINT('',#1766);
#350=VERTEX_POINT('',#1770);
#351=VERTEX_POINT('',#1772);
#352=VERTEX_POINT('',#1776);
#353=VERTEX_POINT('',#1778);
#354=VERTEX_POINT('',#1787);
#355=VERTEX_POINT('',#1788);
#356=VERTEX_POINT('',#1790);
#357=VERTEX_POINT('',#1792);
#358=VERTEX_POINT('',#1796);
#359=VERTEX_POINT('',#1798);
#360=VERTEX_POINT('',#1802);
#361=VERTEX_POINT('',#1804);
#362=VERTEX_POINT('',#1813);
#363=VERTEX_POINT('',#1814);
#364=VERTEX_POINT('',#1816);
#365=VERTEX_POINT('',#1818);
#366=VERTEX_POINT('',#1822);
#367=VERTEX_POINT('',#1824);
#368=VERTEX_POINT('',#1828);
#369=VERTEX_POINT('',#1830);
#370=VERTEX_POINT('',#1839);
#371=VERTEX_POINT('',#1840);
#372=VERTEX_POINT('',#1842);
#373=VERTEX_POINT('',#1844);
#374=VERTEX_POINT('',#1848);
#375=VERTEX_POINT('',#1850);
#376=VERTEX_POINT('',#1854);
#377=VERTEX_POINT('',#1856);
#378=EDGE_CURVE('',#320,#320,#286,.T.);
#379=EDGE_CURVE('',#320,#321,#285,.T.);
#380=EDGE_CURVE('',#321,#321,#287,.T.);
#381=EDGE_CURVE('',#322,#322,#288,.T.);
#382=EDGE_CURVE('',#322,#323,#15,.T.);
#383=EDGE_CURVE('',#323,#323,#289,.T.);
#384=EDGE_CURVE('',#324,#324,#290,.T.);
#385=EDGE_CURVE('',#324,#325,#16,.T.);
#386=EDGE_CURVE('',#325,#325,#291,.T.);
#387=EDGE_CURVE('',#326,#326,#292,.T.);
#388=EDGE_CURVE('',#326,#327,#17,.T.);
#389=EDGE_CURVE('',#327,#327,#293,.T.);
#390=EDGE_CURVE('',#328,#328,#294,.T.);
#391=EDGE_CURVE('',#328,#329,#18,.T.);
#392=EDGE_CURVE('',#329,#329,#295,.T.);
#393=EDGE_CURVE('',#330,#331,#19,.T.);
#394=EDGE_CURVE('',#331,#332,#20,.T.);
#395=EDGE_CURVE('',#333,#332,#21,.T.);
#396=EDGE_CURVE('',#330,#333,#22,.T.);
#397=EDGE_CURVE('',#330,#334,#296,.T.);
#398=EDGE_CURVE('',#335,#333,#297,.T.);
#399=EDGE_CURVE('',#334,#335,#23,.T.);
#400=EDGE_CURVE('',#334,#336,#24,.T.);
#401=EDGE_CURVE('',#337,#335,#25,.T.);
#402=EDGE_CURVE('',#336,#337,#26,.T.);
#403=EDGE_CURVE('',#331,#336,#298,.T.);
#404=EDGE_CURVE('',#332,#337,#299,.T.);
#405=EDGE_CURVE('',#338,#339,#27,.T.);
#406=EDGE_CURVE('',#339,#340,#28,.T.);
#407=EDGE_CURVE('',#341,#340,#29,.T.);
#408=EDGE_CURVE('',#338,#341,#30,.T.);
#409=EDGE_CURVE('',#338,#342,#300,.T.);
#410=EDGE_CURVE('',#343,#341,#301,.T.);
#411=EDGE_CURVE('',#342,#343,#31,.T.);
#412=EDGE_CURVE('',#344,#342,#32,.T.);
#413=EDGE_CURVE('',#345,#343,#33,.T.);
#414=EDGE_CURVE('',#344,#345,#34,.T.);
#415=EDGE_CURVE('',#339,#344,#302,.T.);
#416=EDGE_CURVE('',#340,#345,#303,.T.);
#417=EDGE_CURVE('',#346,#347,#35,.T.);
#418=EDGE_CURVE('',#347,#348,#36,.T.);
#419=EDGE_CURVE('',#349,#348,#37,.T.);
#420=EDGE_CURVE('',#346,#349,#38,.T.);
#421=EDGE_CURVE('',#346,#350,#304,.T.);
#422=EDGE_CURVE('',#351,#349,#305,.T.);
#423=EDGE_CURVE('',#350,#351,#39,.T.);
#424=EDGE_CURVE('',#350,#352,#40,.T.);
#425=EDGE_CURVE('',#353,#351,#41,.T.);
#426=EDGE_CURVE('',#352,#353,#42,.T.);
#427=EDGE_CURVE('',#347,#352,#306,.T.);
#428=EDGE_CURVE('',#348,#353,#307,.T.);
#429=EDGE_CURVE('',#354,#355,#43,.T.);
#430=EDGE_CURVE('',#355,#356,#44,.T.);
#431=EDGE_CURVE('',#357,#356,#45,.T.);
#432=EDGE_CURVE('',#354,#357,#46,.T.);
#433=EDGE_CURVE('',#354,#358,#308,.T.);
#434=EDGE_CURVE('',#359,#357,#309,.T.);
#435=EDGE_CURVE('',#358,#359,#47,.T.);
#436=EDGE_CURVE('',#358,#360,#48,.T.);
#437=EDGE_CURVE('',#361,#359,#49,.T.);
#438=EDGE_CURVE('',#360,#361,#50,.T.);
#439=EDGE_CURVE('',#355,#360,#310,.T.);
#440=EDGE_CURVE('',#356,#361,#311,.T.);
#441=EDGE_CURVE('',#362,#363,#51,.T.);
#442=EDGE_CURVE('',#362,#364,#52,.T.);
#443=EDGE_CURVE('',#365,#364,#53,.T.);
#444=EDGE_CURVE('',#363,#365,#54,.T.);
#445=EDGE_CURVE('',#366,#363,#312,.T.);
#446=EDGE_CURVE('',#367,#365,#313,.T.);
#447=EDGE_CURVE('',#366,#367,#55,.T.);
#448=EDGE_CURVE('',#368,#366,#56,.T.);
#449=EDGE_CURVE('',#369,#367,#57,.T.);
#450=EDGE_CURVE('',#368,#369,#58,.T.);
#451=EDGE_CURVE('',#368,#362,#314,.T.);
#452=EDGE_CURVE('',#364,#369,#315,.T.);
#453=EDGE_CURVE('',#370,#371,#59,.T.);
#454=EDGE_CURVE('',#370,#372,#60,.T.);
#455=EDGE_CURVE('',#373,#372,#61,.T.);
#456=EDGE_CURVE('',#371,#373,#62,.T.);
#457=EDGE_CURVE('',#374,#371,#316,.T.);
#458=EDGE_CURVE('',#375,#373,#317,.T.);
#459=EDGE_CURVE('',#374,#375,#63,.T.);
#460=EDGE_CURVE('',#376,#374,#64,.T.);
#461=EDGE_CURVE('',#377,#375,#65,.T.);
#462=EDGE_CURVE('',#376,#377,#66,.T.);
#463=EDGE_CURVE('',#376,#370,#318,.T.);
#464=EDGE_CURVE('',#372,#377,#319,.T.);
#465=ORIENTED_EDGE('',*,*,#378,.T.);
#466=ORIENTED_EDGE('',*,*,#379,.T.);
#467=ORIENTED_EDGE('',*,*,#380,.F.);
#468=ORIENTED_EDGE('',*,*,#379,.F.);
#469=ORIENTED_EDGE('',*,*,#380,.T.);
#470=ORIENTED_EDGE('',*,*,#378,.F.);
#471=ORIENTED_EDGE('',*,*,#381,.F.);
#472=ORIENTED_EDGE('',*,*,#382,.T.);
#473=ORIENTED_EDGE('',*,*,#383,.F.);
#474=ORIENTED_EDGE('',*,*,#382,.F.);
#475=ORIENTED_EDGE('',*,*,#381,.T.);
#476=ORIENTED_EDGE('',*,*,#384,.F.);
#477=ORIENTED_EDGE('',*,*,#385,.T.);
#478=ORIENTED_EDGE('',*,*,#386,.F.);
#479=ORIENTED_EDGE('',*,*,#385,.F.);
#480=ORIENTED_EDGE('',*,*,#386,.T.);
#481=ORIENTED_EDGE('',*,*,#384,.T.);
#482=ORIENTED_EDGE('',*,*,#383,.T.);
#483=ORIENTED_EDGE('',*,*,#387,.F.);
#484=ORIENTED_EDGE('',*,*,#388,.T.);
#485=ORIENTED_EDGE('',*,*,#389,.F.);
#486=ORIENTED_EDGE('',*,*,#388,.F.);
#487=ORIENTED_EDGE('',*,*,#390,.T.);
#488=ORIENTED_EDGE('',*,*,#387,.T.);
#489=ORIENTED_EDGE('',*,*,#390,.F.);
#490=ORIENTED_EDGE('',*,*,#391,.T.);
#491=ORIENTED_EDGE('',*,*,#392,.T.);
#492=ORIENTED_EDGE('',*,*,#391,.F.);
#493=ORIENTED_EDGE('',*,*,#389,.T.);
#494=ORIENTED_EDGE('',*,*,#392,.F.);
#495=ORIENTED_EDGE('',*,*,#393,.T.);
#496=ORIENTED_EDGE('',*,*,#394,.T.);
#497=ORIENTED_EDGE('',*,*,#395,.F.);
#498=ORIENTED_EDGE('',*,*,#396,.F.);
#499=ORIENTED_EDGE('',*,*,#397,.F.);
#500=ORIENTED_EDGE('',*,*,#396,.T.);
#501=ORIENTED_EDGE('',*,*,#398,.F.);
#502=ORIENTED_EDGE('',*,*,#399,.F.);
#503=ORIENTED_EDGE('',*,*,#400,.F.);
#504=ORIENTED_EDGE('',*,*,#399,.T.);
#505=ORIENTED_EDGE('',*,*,#401,.F.);
#506=ORIENTED_EDGE('',*,*,#402,.F.);
#507=ORIENTED_EDGE('',*,*,#403,.T.);
#508=ORIENTED_EDGE('',*,*,#402,.T.);
#509=ORIENTED_EDGE('',*,*,#404,.F.);
#510=ORIENTED_EDGE('',*,*,#394,.F.);
#511=ORIENTED_EDGE('',*,*,#404,.T.);
#512=ORIENTED_EDGE('',*,*,#401,.T.);
#513=ORIENTED_EDGE('',*,*,#398,.T.);
#514=ORIENTED_EDGE('',*,*,#395,.T.);
#515=ORIENTED_EDGE('',*,*,#403,.F.);
#516=ORIENTED_EDGE('',*,*,#393,.F.);
#517=ORIENTED_EDGE('',*,*,#397,.T.);
#518=ORIENTED_EDGE('',*,*,#400,.T.);
#519=ORIENTED_EDGE('',*,*,#405,.T.);
#520=ORIENTED_EDGE('',*,*,#406,.T.);
#521=ORIENTED_EDGE('',*,*,#407,.F.);
#522=ORIENTED_EDGE('',*,*,#408,.F.);
#523=ORIENTED_EDGE('',*,*,#409,.F.);
#524=ORIENTED_EDGE('',*,*,#408,.T.);
#525=ORIENTED_EDGE('',*,*,#410,.F.);
#526=ORIENTED_EDGE('',*,*,#411,.F.);
#527=ORIENTED_EDGE('',*,*,#412,.T.);
#528=ORIENTED_EDGE('',*,*,#411,.T.);
#529=ORIENTED_EDGE('',*,*,#413,.F.);
#530=ORIENTED_EDGE('',*,*,#414,.F.);
#531=ORIENTED_EDGE('',*,*,#415,.T.);
#532=ORIENTED_EDGE('',*,*,#414,.T.);
#533=ORIENTED_EDGE('',*,*,#416,.F.);
#534=ORIENTED_EDGE('',*,*,#406,.F.);
#535=ORIENTED_EDGE('',*,*,#416,.T.);
#536=ORIENTED_EDGE('',*,*,#413,.T.);
#537=ORIENTED_EDGE('',*,*,#410,.T.);
#538=ORIENTED_EDGE('',*,*,#407,.T.);
#539=ORIENTED_EDGE('',*,*,#415,.F.);
#540=ORIENTED_EDGE('',*,*,#405,.F.);
#541=ORIENTED_EDGE('',*,*,#409,.T.);
#542=ORIENTED_EDGE('',*,*,#412,.F.);
#543=ORIENTED_EDGE('',*,*,#417,.T.);
#544=ORIENTED_EDGE('',*,*,#418,.T.);
#545=ORIENTED_EDGE('',*,*,#419,.F.);
#546=ORIENTED_EDGE('',*,*,#420,.F.);
#547=ORIENTED_EDGE('',*,*,#421,.F.);
#548=ORIENTED_EDGE('',*,*,#420,.T.);
#549=ORIENTED_EDGE('',*,*,#422,.F.);
#550=ORIENTED_EDGE('',*,*,#423,.F.);
#551=ORIENTED_EDGE('',*,*,#424,.F.);
#552=ORIENTED_EDGE('',*,*,#423,.T.);
#553=ORIENTED_EDGE('',*,*,#425,.F.);
#554=ORIENTED_EDGE('',*,*,#426,.F.);
#555=ORIENTED_EDGE('',*,*,#427,.T.);
#556=ORIENTED_EDGE('',*,*,#426,.T.);
#557=ORIENTED_EDGE('',*,*,#428,.F.);
#558=ORIENTED_EDGE('',*,*,#418,.F.);
#559=ORIENTED_EDGE('',*,*,#428,.T.);
#560=ORIENTED_EDGE('',*,*,#425,.T.);
#561=ORIENTED_EDGE('',*,*,#422,.T.);
#562=ORIENTED_EDGE('',*,*,#419,.T.);
#563=ORIENTED_EDGE('',*,*,#427,.F.);
#564=ORIENTED_EDGE('',*,*,#417,.F.);
#565=ORIENTED_EDGE('',*,*,#421,.T.);
#566=ORIENTED_EDGE('',*,*,#424,.T.);
#567=ORIENTED_EDGE('',*,*,#429,.T.);
#568=ORIENTED_EDGE('',*,*,#430,.T.);
#569=ORIENTED_EDGE('',*,*,#431,.F.);
#570=ORIENTED_EDGE('',*,*,#432,.F.);
#571=ORIENTED_EDGE('',*,*,#433,.F.);
#572=ORIENTED_EDGE('',*,*,#432,.T.);
#573=ORIENTED_EDGE('',*,*,#434,.F.);
#574=ORIENTED_EDGE('',*,*,#435,.F.);
#575=ORIENTED_EDGE('',*,*,#436,.F.);
#576=ORIENTED_EDGE('',*,*,#435,.T.);
#577=ORIENTED_EDGE('',*,*,#437,.F.);
#578=ORIENTED_EDGE('',*,*,#438,.F.);
#579=ORIENTED_EDGE('',*,*,#439,.T.);
#580=ORIENTED_EDGE('',*,*,#438,.T.);
#581=ORIENTED_EDGE('',*,*,#440,.F.);
#582=ORIENTED_EDGE('',*,*,#430,.F.);
#583=ORIENTED_EDGE('',*,*,#440,.T.);
#584=ORIENTED_EDGE('',*,*,#437,.T.);
#585=ORIENTED_EDGE('',*,*,#434,.T.);
#586=ORIENTED_EDGE('',*,*,#431,.T.);
#587=ORIENTED_EDGE('',*,*,#439,.F.);
#588=ORIENTED_EDGE('',*,*,#429,.F.);
#589=ORIENTED_EDGE('',*,*,#433,.T.);
#590=ORIENTED_EDGE('',*,*,#436,.T.);
#591=ORIENTED_EDGE('',*,*,#441,.F.);
#592=ORIENTED_EDGE('',*,*,#442,.T.);
#593=ORIENTED_EDGE('',*,*,#443,.F.);
#594=ORIENTED_EDGE('',*,*,#444,.F.);
#595=ORIENTED_EDGE('',*,*,#445,.T.);
#596=ORIENTED_EDGE('',*,*,#444,.T.);
#597=ORIENTED_EDGE('',*,*,#446,.F.);
#598=ORIENTED_EDGE('',*,*,#447,.F.);
#599=ORIENTED_EDGE('',*,*,#448,.T.);
#600=ORIENTED_EDGE('',*,*,#447,.T.);
#601=ORIENTED_EDGE('',*,*,#449,.F.);
#602=ORIENTED_EDGE('',*,*,#450,.F.);
#603=ORIENTED_EDGE('',*,*,#451,.F.);
#604=ORIENTED_EDGE('',*,*,#450,.T.);
#605=ORIENTED_EDGE('',*,*,#452,.F.);
#606=ORIENTED_EDGE('',*,*,#442,.F.);
#607=ORIENTED_EDGE('',*,*,#452,.T.);
#608=ORIENTED_EDGE('',*,*,#449,.T.);
#609=ORIENTED_EDGE('',*,*,#446,.T.);
#610=ORIENTED_EDGE('',*,*,#443,.T.);
#611=ORIENTED_EDGE('',*,*,#451,.T.);
#612=ORIENTED_EDGE('',*,*,#441,.T.);
#613=ORIENTED_EDGE('',*,*,#445,.F.);
#614=ORIENTED_EDGE('',*,*,#448,.F.);
#615=ORIENTED_EDGE('',*,*,#453,.F.);
#616=ORIENTED_EDGE('',*,*,#454,.T.);
#617=ORIENTED_EDGE('',*,*,#455,.F.);
#618=ORIENTED_EDGE('',*,*,#456,.F.);
#619=ORIENTED_EDGE('',*,*,#457,.T.);
#620=ORIENTED_EDGE('',*,*,#456,.T.);
#621=ORIENTED_EDGE('',*,*,#458,.F.);
#622=ORIENTED_EDGE('',*,*,#459,.F.);
#623=ORIENTED_EDGE('',*,*,#460,.T.);
#624=ORIENTED_EDGE('',*,*,#459,.T.);
#625=ORIENTED_EDGE('',*,*,#461,.F.);
#626=ORIENTED_EDGE('',*,*,#462,.F.);
#627=ORIENTED_EDGE('',*,*,#463,.F.);
#628=ORIENTED_EDGE('',*,*,#462,.T.);
#629=ORIENTED_EDGE('',*,*,#464,.F.);
#630=ORIENTED_EDGE('',*,*,#454,.F.);
#631=ORIENTED_EDGE('',*,*,#464,.T.);
#632=ORIENTED_EDGE('',*,*,#461,.T.);
#633=ORIENTED_EDGE('',*,*,#458,.T.);
#634=ORIENTED_EDGE('',*,*,#455,.T.);
#635=ORIENTED_EDGE('',*,*,#463,.T.);
#636=ORIENTED_EDGE('',*,*,#453,.T.);
#637=ORIENTED_EDGE('',*,*,#457,.F.);
#638=ORIENTED_EDGE('',*,*,#460,.F.);
#639=B_SPLINE_SURFACE_WITH_KNOTS('',3,3,((#1012,#1013,#1014,#1015,#1016,
#1017,#1018,#1019,#1020,#1021,#1022,#1023,#1024,#1025,#1026,#1027,#1028,
#1029,#1030,#1031,#1032,#1033,#1034,#1035,#1036,#1037,#1038,#1039,#1040,
#1041,#1042,#1043,#1044,#1045,#1046,#1047,#1048,#1049,#1050,#1051,#1052,
#1053,#1054,#1055,#1056,#1057,#1058,#1059,#1060,#1061,#1062,#1063,#1064,
#1065,#1066),(#1067,#1068,#1069,#1070,#1071,#1072,#1073,#1074,#1075,#1076,
#1077,#1078,#1079,#1080,#1081,#1082,#1083,#1084,#1085,#1086,#1087,#1088,
#1089,#1090,#1091,#1092,#1093,#1094,#1095,#1096,#1097,#1098,#1099,#1100,
#1101,#1102,#1103,#1104,#1105,#1106,#1107,#1108,#1109,#1110,#1111,#1112,
#1113,#1114,#1115,#1116,#1117,#1118,#1119,#1120,#1121),(#1122,#1123,#1124,
#1125,#1126,#1127,#1128,#1129,#1130,#1131,#1132,#1133,#1134,#1135,#1136,
#1137,#1138,#1139,#1140,#1141,#1142,#1143,#1144,#1145,#1146,#1147,#1148,
#1149,#1150,#1151,#1152,#1153,#1154,#1155,#1156,#1157,#1158,#1159,#1160,
#1161,#1162,#1163,#1164,#1165,#1166,#1167,#1168,#1169,#1170,#1171,#1172,
#1173,#1174,#1175,#1176),(#1177,#1178,#1179,#1180,#1181,#1182,#1183,#1184,
#1185,#1186,#1187,#1188,#1189,#1190,#1191,#1192,#1193,#1194,#1195,#1196,
#1197,#1198,#1199,#1200,#1201,#1202,#1203,#1204,#1205,#1206,#1207,#1208,
#1209,#1210,#1211,#1212,#1213,#1214,#1215,#1216,#1217,#1218,#1219,#1220,
#1221,#1222,#1223,#1224,#1225,#1226,#1227,#1228,#1229,#1230,#1231),(#1232,
#1233,#1234,#1235,#1236,#1237,#1238,#1239,#1240,#1241,#1242,#1243,#1244,
#1245,#1246,#1247,#1248,#1249,#1250,#1251,#1252,#1253,#1254,#1255,#1256,
#1257,#1258,#1259,#1260,#1261,#1262,#1263,#1264,#1265,#1266,#1267,#1268,
#1269,#1270,#1271,#1272,#1273,#1274,#1275,#1276,#1277,#1278,#1279,#1280,
#1281,#1282,#1283,#1284,#1285,#1286),(#1287,#1288,#1289,#1290,#1291,#1292,
#1293,#1294,#1295,#1296,#1297,#1298,#1299,#1300,#1301,#1302,#1303,#1304,
#1305,#1306,#1307,#1308,#1309,#1310,#1311,#1312,#1313,#1314,#1315,#1316,
#1317,#1318,#1319,#1320,#1321,#1322,#1323,#1324,#1325,#1326,#1327,#1328,
#1329,#1330,#1331,#1332,#1333,#1334,#1335,#1336,#1337,#1338,#1339,#1340,
#1341),(#1342,#1343,#1344,#1345,#1346,#1347,#1348,#1349,#1350,#1351,#1352,
#1353,#1354,#1355,#1356,#1357,#1358,#1359,#1360,#1361,#1362,#1363,#1364,
#1365,#1366,#1367,#1368,#1369,#1370,#1371,#1372,#1373,#1374,#1375,#1376,
#1377,#1378,#1379,#1380,#1381,#1382,#1383,#1384,#1385,#1386,#1387,#1388,
#1389,#1390,#1391,#1392,#1393,#1394,#1395,#1396),(#1397,#1398,#1399,#1400,
#1401,#1402,#1403,#1404,#1405,#1406,#1407,#1408,#1409,#1410,#1411,#1412,
#1413,#1414,#1415,#1416,#1417,#1418,#1419,#1420,#1421,#1422,#1423,#1424,
#1425,#1426,#1427,#1428,#1429,#1430,#1431,#1432,#1433,#1434,#1435,#1436,
#1437,#1438,#1439,#1440,#1441,#1442,#1443,#1444,#1445,#1446,#1447,#1448,
#1449,#1450,#1451),(#1452,#1453,#1454,#1455,#1456,#1457,#1458,#1459,#1460,
#1461,#1462,#1463,#1464,#1465,#1466,#1467,#1468,#1469,#1470,#1471,#1472,
#1473,#1474,#1475,#1476,#1477,#1478,#1479,#1480,#1481,#1482,#1483,#1484,
#1485,#1486,#1487,#1488,#1489,#1490,#1491,#1492,#1493,#1494,#1495,#1496,
#1497,#1498,#1499,#1500,#1501,#1502,#1503,#1504,#1505,#1506),(#1507,#1508,
#1509,#1510,#1511,#1512,#1513,#1514,#1515,#1516,#1517,#1518,#1519,#1520,
#1521,#1522,#1523,#1524,#1525,#1526,#1527,#1528,#1529,#1530,#1531,#1532,
#1533,#1534,#1535,#1536,#1537,#1538,#1539,#1540,#1541,#1542,#1543,#1544,
#1545,#1546,#1547,#1548,#1549,#1550,#1551,#1552,#1553,#1554,#1555,#1556,
#1557,#1558,#1559,#1560,#1561),(#1562,#1563,#1564,#1565,#1566,#1567,#1568,
#1569,#1570,#1571,#1572,#1573,#1574,#1575,#1576,#1577,#1578,#1579,#1580,
#1581,#1582,#1583,#1584,#1585,#1586,#1587,#1588,#1589,#1590,#1591,#1592,
#1593,#1594,#1595,#1596,#1597,#1598,#1599,#1600,#1601,#1602,#1603,#1604,
#1605,#1606,#1607,#1608,#1609,#1610,#1611,#1612,#1613,#1614,#1615,#1616)),
 .UNSPECIFIED.,.T.,.F.,.F.,(4,1,1,1,1,1,1,1,4),(4,1,1,1,1,1,1,1,1,1,1,1,
1,1,1,1,1,1,1,1,1,1,1,1,1,1,1,1,1,1,1,1,1,1,1,1,1,1,1,1,1,1,1,1,1,1,1,1,
1,1,1,1,4),(-3.14159265358979,-2.24399475256414,-1.34639685153848,-0.448798950512828,
0.448798950512828,1.34639685153848,1.5707963267949,2.24399475256414,3.14159265358979),
(0.,0.483321946706122,0.966643893412244,1.44996584011837,1.93328778682449,
2.41660973353061,2.89993168023673,3.38325362694285,3.86657557364898,4.3498975203551,
4.83321946706122,5.31654141376734,5.79986336047346,6.28318530717959,6.76650725388571,
7.24982920059183,7.73315114729795,8.21647309400407,8.6997950407102,9.18311698741632,
9.66643893412244,10.1497608808286,10.6330828275347,11.1164047742408,11.5997267209469,
12.083048667653,12.5663706143592,13.0496925610653,13.5330145077714,14.0163364544775,
14.4996584011837,14.9829803478898,15.4663022945959,15.949624241302,16.4329461880081,
16.9162681347143,17.3995900814204,17.8829120281265,18.3662339748326,18.8495559215388,
19.3328778682449,19.816199814951,20.2995217616571,20.7828437083632,21.2661656550694,
21.7494876017755,22.2328095484816,22.7161314951877,23.1994534418939,23.6827753886,
24.1660973353061,24.6494192820122,25.1327412287183),.UNSPECIFIED.);
#640=ADVANCED_FACE('',(#185),#639,.T.);
#641=ADVANCED_FACE('',(#186),#153,.T.);
#642=ADVANCED_FACE('',(#187),#154,.F.);
#643=ADVANCED_FACE('',(#188),#119,.T.);
#644=ADVANCED_FACE('',(#189),#155,.T.);
#645=ADVANCED_FACE('',(#190),#120,.T.);
#646=ADVANCED_FACE('',(#191),#156,.T.);
#647=ADVANCED_FACE('',(#192,#13),#157,.F.);
#648=ADVANCED_FACE('',(#193),#121,.F.);
#649=ADVANCED_FACE('',(#194,#14),#158,.T.);
#650=ADVANCED_FACE('',(#195),#122,.T.);
#651=ADVANCED_FACE('',(#196),#159,.T.);
#652=ADVANCED_FACE('',(#197),#160,.F.);
#653=ADVANCED_FACE('',(#198),#161,.T.);
#654=ADVANCED_FACE('',(#199),#123,.F.);
#655=ADVANCED_FACE('',(#200),#162,.T.);
#656=ADVANCED_FACE('',(#201),#124,.T.);
#657=ADVANCED_FACE('',(#202),#163,.T.);
#658=ADVANCED_FACE('',(#203),#164,.F.);
#659=ADVANCED_FACE('',(#204),#165,.T.);
#660=ADVANCED_FACE('',(#205),#125,.F.);
#661=ADVANCED_FACE('',(#206),#166,.T.);
#662=ADVANCED_FACE('',(#207),#126,.T.);
#663=ADVANCED_FACE('',(#208),#167,.T.);
#664=ADVANCED_FACE('',(#209),#168,.F.);
#665=ADVANCED_FACE('',(#210),#169,.T.);
#666=ADVANCED_FACE('',(#211),#127,.F.);
#667=ADVANCED_FACE('',(#212),#170,.T.);
#668=ADVANCED_FACE('',(#213),#128,.T.);
#669=ADVANCED_FACE('',(#214),#171,.T.);
#670=ADVANCED_FACE('',(#215),#172,.F.);
#671=ADVANCED_FACE('',(#216),#173,.T.);
#672=ADVANCED_FACE('',(#217),#129,.F.);
#673=ADVANCED_FACE('',(#218),#174,.T.);
#674=ADVANCED_FACE('',(#219),#130,.T.);
#675=ADVANCED_FACE('',(#220),#175,.T.);
#676=ADVANCED_FACE('',(#221),#176,.F.);
#677=ADVANCED_FACE('',(#222),#177,.T.);
#678=ADVANCED_FACE('',(#223),#131,.T.);
#679=ADVANCED_FACE('',(#224),#178,.T.);
#680=ADVANCED_FACE('',(#225),#132,.F.);
#681=ADVANCED_FACE('',(#226),#179,.T.);
#682=ADVANCED_FACE('',(#227),#180,.F.);
#683=ADVANCED_FACE('',(#228),#181,.T.);
#684=ADVANCED_FACE('',(#229),#133,.T.);
#685=ADVANCED_FACE('',(#230),#182,.T.);
#686=ADVANCED_FACE('',(#231),#134,.F.);
#687=ADVANCED_FACE('',(#232),#183,.T.);
#688=ADVANCED_FACE('',(#233),#184,.F.);
#689=CLOSED_SHELL('',(#640,#641,#642));
#690=CLOSED_SHELL('',(#643,#644,#645,#646,#647));
#691=CLOSED_SHELL('',(#648,#649,#650,#651,#652));
#692=CLOSED_SHELL('',(#653,#654,#655,#656,#657,#658));
#693=CLOSED_SHELL('',(#659,#660,#661,#662,#663,#664));
#694=CLOSED_SHELL('',(#665,#666,#667,#668,#669,#670));
#695=CLOSED_SHELL('',(#671,#672,#673,#674,#675,#676));
#696=CLOSED_SHELL('',(#677,#678,#679,#680,#681,#682));
#697=CLOSED_SHELL('',(#683,#684,#685,#686,#687,#688));
#698=DERIVED_UNIT_ELEMENT(#700,1.);
#699=DERIVED_UNIT_ELEMENT(#1869,-3.);
#700=(
MASS_UNIT()
NAMED_UNIT(*)
SI_UNIT(.KILO.,.GRAM.)
);
#701=DERIVED_UNIT((#698,#699));
#702=MEASURE_REPRESENTATION_ITEM('density measure',
POSITIVE_RATIO_MEASURE(7850.),#701);
#703=PROPERTY_DEFINITION_REPRESENTATION(#708,#705);
#704=PROPERTY_DEFINITION_REPRESENTATION(#709,#706);
#705=REPRESENTATION('material name',(#707),#1866);
#706=REPRESENTATION('density',(#702),#1866);
#707=DESCRIPTIVE_REPRESENTATION_ITEM('Steel','Steel');
#708=PROPERTY_DEFINITION('material property','material name',#1876);
#709=PROPERTY_DEFINITION('material property','density of part',#1876);
#710=AXIS2_PLACEMENT_3D('',#1011,#793,#794);
#711=AXIS2_PLACEMENT_3D('',#1618,#795,#796);
#712=AXIS2_PLACEMENT_3D('',#1675,#797,#798);
#713=AXIS2_PLACEMENT_3D('',#1676,#799,#800);
#714=AXIS2_PLACEMENT_3D('',#1677,#801,#802);
#715=AXIS2_PLACEMENT_3D('',#1678,#803,#804);
#716=AXIS2_PLACEMENT_3D('',#1680,#805,#806);
#717=AXIS2_PLACEMENT_3D('',#1683,#808,#809);
#718=AXIS2_PLACEMENT_3D('',#1684,#810,#811);
#719=AXIS2_PLACEMENT_3D('',#1685,#812,#813);
#720=AXIS2_PLACEMENT_3D('',#1687,#814,#815);
#721=AXIS2_PLACEMENT_3D('',#1690,#817,#818);
#722=AXIS2_PLACEMENT_3D('',#1691,#819,#820);
#723=AXIS2_PLACEMENT_3D('',#1692,#821,#822);
#724=AXIS2_PLACEMENT_3D('',#1693,#823,#824);
#725=AXIS2_PLACEMENT_3D('',#1695,#825,#826);
#726=AXIS2_PLACEMENT_3D('',#1698,#828,#829);
#727=AXIS2_PLACEMENT_3D('',#1699,#830,#831);
#728=AXIS2_PLACEMENT_3D('',#1701,#832,#833);
#729=AXIS2_PLACEMENT_3D('',#1702,#834,#835);
#730=AXIS2_PLACEMENT_3D('',#1705,#837,#838);
#731=AXIS2_PLACEMENT_3D('',#1706,#839,#840);
#732=AXIS2_PLACEMENT_3D('',#1707,#841,#842);
#733=AXIS2_PLACEMENT_3D('',#1708,#843,#844);
#734=AXIS2_PLACEMENT_3D('',#1717,#849,#850);
#735=AXIS2_PLACEMENT_3D('',#1719,#851,#852);
#736=AXIS2_PLACEMENT_3D('',#1721,#853,#854);
#737=AXIS2_PLACEMENT_3D('',#1723,#856,#857);
#738=AXIS2_PLACEMENT_3D('',#1729,#861,#862);
#739=AXIS2_PLACEMENT_3D('',#1730,#863,#864);
#740=AXIS2_PLACEMENT_3D('',#1731,#865,#866);
#741=AXIS2_PLACEMENT_3D('',#1732,#867,#868);
#742=AXIS2_PLACEMENT_3D('',#1733,#869,#870);
#743=AXIS2_PLACEMENT_3D('',#1734,#871,#872);
#744=AXIS2_PLACEMENT_3D('',#1743,#877,#878);
#745=AXIS2_PLACEMENT_3D('',#1745,#879,#880);
#746=AXIS2_PLACEMENT_3D('',#1747,#881,#882);
#747=AXIS2_PLACEMENT_3D('',#1749,#884,#885);
#748=AXIS2_PLACEMENT_3D('',#1755,#889,#890);
#749=AXIS2_PLACEMENT_3D('',#1756,#891,#892);
#750=AXIS2_PLACEMENT_3D('',#1757,#893,#894);
#751=AXIS2_PLACEMENT_3D('',#1758,#895,#896);
#752=AXIS2_PLACEMENT_3D('',#1759,#897,#898);
#753=AXIS2_PLACEMENT_3D('',#1760,#899,#900);
#754=AXIS2_PLACEMENT_3D('',#1769,#905,#906);
#755=AXIS2_PLACEMENT_3D('',#1771,#907,#908);
#756=AXIS2_PLACEMENT_3D('',#1773,#909,#910);
#757=AXIS2_PLACEMENT_3D('',#1775,#912,#913);
#758=AXIS2_PLACEMENT_3D('',#1781,#917,#918);
#759=AXIS2_PLACEMENT_3D('',#1782,#919,#920);
#760=AXIS2_PLACEMENT_3D('',#1783,#921,#922);
#761=AXIS2_PLACEMENT_3D('',#1784,#923,#924);
#762=AXIS2_PLACEMENT_3D('',#1785,#925,#926);
#763=AXIS2_PLACEMENT_3D('',#1786,#927,#928);
#764=AXIS2_PLACEMENT_3D('',#1795,#933,#934);
#765=AXIS2_PLACEMENT_3D('',#1797,#935,#936);
#766=AXIS2_PLACEMENT_3D('',#1799,#937,#938);
#767=AXIS2_PLACEMENT_3D('',#1801,#940,#941);
#768=AXIS2_PLACEMENT_3D('',#1807,#945,#946);
#769=AXIS2_PLACEMENT_3D('',#1808,#947,#948);
#770=AXIS2_PLACEMENT_3D('',#1809,#949,#950);
#771=AXIS2_PLACEMENT_3D('',#1810,#951,#952);
#772=AXIS2_PLACEMENT_3D('',#1811,#953,#954);
#773=AXIS2_PLACEMENT_3D('',#1812,#955,#956);
#774=AXIS2_PLACEMENT_3D('',#1821,#961,#962);
#775=AXIS2_PLACEMENT_3D('',#1823,#963,#964);
#776=AXIS2_PLACEMENT_3D('',#1825,#965,#966);
#777=AXIS2_PLACEMENT_3D('',#1827,#968,#969);
#778=AXIS2_PLACEMENT_3D('',#1833,#973,#974);
#779=AXIS2_PLACEMENT_3D('',#1834,#975,#976);
#780=AXIS2_PLACEMENT_3D('',#1835,#977,#978);
#781=AXIS2_PLACEMENT_3D('',#1836,#979,#980);
#782=AXIS2_PLACEMENT_3D('',#1837,#981,#982);
#783=AXIS2_PLACEMENT_3D('',#1838,#983,#984);
#784=AXIS2_PLACEMENT_3D('',#1847,#989,#990);
#785=AXIS2_PLACEMENT_3D('',#1849,#991,#992);
#786=AXIS2_PLACEMENT_3D('',#1851,#993,#994);
#787=AXIS2_PLACEMENT_3D('',#1853,#996,#997);
#788=AXIS2_PLACEMENT_3D('',#1859,#1001,#1002);
#789=AXIS2_PLACEMENT_3D('',#1860,#1003,#1004);
#790=AXIS2_PLACEMENT_3D('',#1861,#1005,#1006);
#791=AXIS2_PLACEMENT_3D('',#1862,#1007,#1008);
#792=AXIS2_PLACEMENT_3D('',#1863,#1009,#1010);
#793=DIRECTION('axis',(0.,0.,1.));
#794=DIRECTION('refdir',(1.,0.,0.));
#795=DIRECTION('center_axis',(0.,1.,0.));
#796=DIRECTION('ref_axis',(-1.,0.,0.));
#797=DIRECTION('center_axis',(9.79717439317883E-16,1.,0.));
#798=DIRECTION('ref_axis',(-1.,9.79717439317883E-16,0.));
#799=DIRECTION('center_axis',(9.79717439317883E-16,1.,0.));
#800=DIRECTION('ref_axis',(0.,0.,1.));
#801=DIRECTION('center_axis',(0.,1.,0.));
#802=DIRECTION('ref_axis',(0.,0.,1.));
#803=DIRECTION('center_axis',(0.,0.,-1.));
#804=DIRECTION('ref_axis',(1.,0.,0.));
#805=DIRECTION('center_axis',(0.,0.,-1.));
#806=DIRECTION('ref_axis',(1.,0.,0.));
#807=DIRECTION('',(0.,0.,1.));
#808=DIRECTION('center_axis',(0.,0.,1.));
#809=DIRECTION('ref_axis',(1.,0.,0.));
#810=DIRECTION('center_axis',(0.,0.,-1.));
#811=DIRECTION('ref_axis',(1.,0.,0.));
#812=DIRECTION('center_axis',(0.,0.,-1.));
#813=DIRECTION('ref_axis',(1.,0.,0.));
#814=DIRECTION('center_axis',(0.,0.,-1.));
#815=DIRECTION('ref_axis',(1.,0.,0.));
#816=DIRECTION('',(0.,0.,1.));
#817=DIRECTION('center_axis',(0.,0.,1.));
#818=DIRECTION('ref_axis',(1.,0.,0.));
#819=DIRECTION('center_axis',(0.,0.,1.));
#820=DIRECTION('ref_axis',(1.,0.,0.));
#821=DIRECTION('center_axis',(0.,0.,1.));
#822=DIRECTION('ref_axis',(1.,0.,0.));
#823=DIRECTION('center_axis',(0.,0.,1.));
#824=DIRECTION('ref_axis',(-1.,0.,0.));
#825=DIRECTION('center_axis',(0.,0.,-1.));
#826=DIRECTION('ref_axis',(-1.,0.,0.));
#827=DIRECTION('',(0.,0.,-1.));
#828=DIRECTION('center_axis',(0.,0.,1.));
#829=DIRECTION('ref_axis',(-1.,0.,0.));
#830=DIRECTION('center_axis',(0.,0.,1.));
#831=DIRECTION('ref_axis',(-1.,0.,0.));
#832=DIRECTION('center_axis',(0.,0.,1.));
#833=DIRECTION('ref_axis',(-1.,0.,0.));
#834=DIRECTION('center_axis',(0.,0.,1.));
#835=DIRECTION('ref_axis',(-1.,0.,0.));
#836=DIRECTION('',(0.,0.,-1.));
#837=DIRECTION('center_axis',(0.,0.,1.));
#838=DIRECTION('ref_axis',(-1.,0.,0.));
#839=DIRECTION('center_axis',(0.,0.,1.));
#840=DIRECTION('ref_axis',(-1.,0.,0.));
#841=DIRECTION('center_axis',(0.,0.,1.));
#842=DIRECTION('ref_axis',(-1.,0.,0.));
#843=DIRECTION('center_axis',(-0.707280541587817,-0.706932978075889,0.));
#844=DIRECTION('ref_axis',(0.706932978075889,-0.707280541587817,0.));
#845=DIRECTION('',(0.706932978075889,-0.707280541587817,0.));
#846=DIRECTION('',(0.,0.,1.));
#847=DIRECTION('',(0.706932978075889,-0.707280541587817,0.));
#848=DIRECTION('',(0.,0.,1.));
#849=DIRECTION('center_axis',(0.,0.,1.));
#850=DIRECTION('ref_axis',(0.667425424958995,-0.7446766426566,0.));
#851=DIRECTION('center_axis',(0.,0.,1.));
#852=DIRECTION('ref_axis',(0.667425424958995,-0.7446766426566,0.));
#853=DIRECTION('center_axis',(0.,0.,-1.));
#854=DIRECTION('ref_axis',(0.667425424958995,-0.7446766426566,0.));
#855=DIRECTION('',(0.,0.,1.));
#856=DIRECTION('center_axis',(2.67523620391604E-16,1.,0.));
#857=DIRECTION('ref_axis',(-1.,2.67523620391604E-16,0.));
#858=DIRECTION('',(1.,-2.67523620391604E-16,0.));
#859=DIRECTION('',(-1.,2.67523620391604E-16,0.));
#860=DIRECTION('',(0.,0.,1.));
#861=DIRECTION('center_axis',(0.,0.,1.));
#862=DIRECTION('ref_axis',(-1.,0.,0.));
#863=DIRECTION('center_axis',(0.,0.,1.));
#864=DIRECTION('ref_axis',(-1.,0.,0.));
#865=DIRECTION('center_axis',(0.,0.,1.));
#866=DIRECTION('ref_axis',(-1.,0.,0.));
#867=DIRECTION('center_axis',(0.,0.,1.));
#868=DIRECTION('ref_axis',(-1.,0.,0.));
#869=DIRECTION('center_axis',(0.,0.,1.));
#870=DIRECTION('ref_axis',(-1.,0.,0.));
#871=DIRECTION('center_axis',(0.706932978075889,-0.707280541587816,0.));
#872=DIRECTION('ref_axis',(0.707280541587816,0.706932978075889,0.));
#873=DIRECTION('',(0.707280541587816,0.706932978075889,0.));
#874=DIRECTION('',(0.,0.,1.));
#875=DIRECTION('',(0.707280541587816,0.706932978075889,0.));
#876=DIRECTION('',(0.,0.,1.));
#877=DIRECTION('center_axis',(0.,0.,1.));
#878=DIRECTION('ref_axis',(0.707280541587816,0.706932978075889,0.));
#879=DIRECTION('center_axis',(0.,0.,1.));
#880=DIRECTION('ref_axis',(0.707280541587816,0.706932978075889,0.));
#881=DIRECTION('center_axis',(0.,0.,-1.));
#882=DIRECTION('ref_axis',(0.707280541587816,0.706932978075889,0.));
#883=DIRECTION('',(0.,0.,1.));
#884=DIRECTION('center_axis',(-1.,0.,0.));
#885=DIRECTION('ref_axis',(0.,-1.,0.));
#886=DIRECTION('',(0.,-1.,0.));
#887=DIRECTION('',(0.,-1.,0.));
#888=DIRECTION('',(0.,0.,1.));
#889=DIRECTION('center_axis',(0.,0.,1.));
#890=DIRECTION('ref_axis',(-1.,0.,0.));
#891=DIRECTION('center_axis',(0.,0.,1.));
#892=DIRECTION('ref_axis',(-1.,0.,0.));
#893=DIRECTION('center_axis',(0.,0.,1.));
#894=DIRECTION('ref_axis',(-1.,0.,0.));
#895=DIRECTION('center_axis',(0.,0.,1.));
#896=DIRECTION('ref_axis',(-1.,0.,0.));
#897=DIRECTION('center_axis',(0.,0.,1.));
#898=DIRECTION('ref_axis',(-1.,0.,0.));
#899=DIRECTION('center_axis',(-0.706932978075889,0.707280541587816,0.));
#900=DIRECTION('ref_axis',(-0.707280541587816,-0.706932978075889,0.));
#901=DIRECTION('',(-0.707280541587816,-0.706932978075889,0.));
#902=DIRECTION('',(0.,0.,1.));
#903=DIRECTION('',(-0.707280541587816,-0.706932978075889,0.));
#904=DIRECTION('',(0.,0.,1.));
#905=DIRECTION('center_axis',(0.,0.,1.));
#906=DIRECTION('ref_axis',(-0.707280541587816,-0.706932978075889,0.));
#907=DIRECTION('center_axis',(0.,0.,1.));
#908=DIRECTION('ref_axis',(-0.707280541587816,-0.706932978075889,0.));
#909=DIRECTION('center_axis',(0.,0.,-1.));
#910=DIRECTION('ref_axis',(-0.707280541587816,-0.706932978075889,0.));
#911=DIRECTION('',(0.,0.,1.));
#912=DIRECTION('center_axis',(1.,0.,0.));
#913=DIRECTION('ref_axis',(0.,1.,0.));
#914=DIRECTION('',(0.,-1.,0.));
#915=DIRECTION('',(0.,1.,0.));
#916=DIRECTION('',(0.,0.,1.));
#917=DIRECTION('center_axis',(0.,0.,1.));
#918=DIRECTION('ref_axis',(-1.,0.,0.));
#919=DIRECTION('center_axis',(0.,0.,1.));
#920=DIRECTION('ref_axis',(-1.,0.,0.));
#921=DIRECTION('center_axis',(0.,0.,1.));
#922=DIRECTION('ref_axis',(-1.,0.,0.));
#923=DIRECTION('center_axis',(0.,0.,1.));
#924=DIRECTION('ref_axis',(-1.,0.,0.));
#925=DIRECTION('center_axis',(0.,0.,1.));
#926=DIRECTION('ref_axis',(-1.,0.,0.));
#927=DIRECTION('center_axis',(0.707280541587816,0.70693297807589,0.));
#928=DIRECTION('ref_axis',(-0.70693297807589,0.707280541587816,0.));
#929=DIRECTION('',(-0.70693297807589,0.707280541587816,0.));
#930=DIRECTION('',(0.,0.,1.));
#931=DIRECTION('',(-0.70693297807589,0.707280541587816,0.));
#932=DIRECTION('',(0.,0.,1.));
#933=DIRECTION('center_axis',(0.,0.,1.));
#934=DIRECTION('ref_axis',(-0.706932978075889,0.707280541587817,0.));
#935=DIRECTION('center_axis',(0.,0.,1.));
#936=DIRECTION('ref_axis',(-0.706932978075889,0.707280541587817,0.));
#937=DIRECTION('center_axis',(0.,0.,-1.));
#938=DIRECTION('ref_axis',(-0.706932978075889,0.707280541587817,0.));
#939=DIRECTION('',(0.,0.,1.));
#940=DIRECTION('center_axis',(0.,-1.,0.));
#941=DIRECTION('ref_axis',(1.,0.,0.));
#942=DIRECTION('',(-1.,0.,0.));
#943=DIRECTION('',(1.,0.,0.));
#944=DIRECTION('',(0.,0.,1.));
#945=DIRECTION('center_axis',(0.,0.,1.));
#946=DIRECTION('ref_axis',(-1.,0.,0.));
#947=DIRECTION('center_axis',(0.,0.,1.));
#948=DIRECTION('ref_axis',(-1.,0.,0.));
#949=DIRECTION('center_axis',(0.,0.,1.));
#950=DIRECTION('ref_axis',(-1.,0.,0.));
#951=DIRECTION('center_axis',(0.,0.,1.));
#952=DIRECTION('ref_axis',(-1.,0.,0.));
#953=DIRECTION('center_axis',(0.,0.,1.));
#954=DIRECTION('ref_axis',(-1.,0.,0.));
#955=DIRECTION('center_axis',(0.83478816471357,-0.550571267007414,0.));
#956=DIRECTION('ref_axis',(-0.550571267007414,-0.83478816471357,0.));
#957=DIRECTION('',(0.550571267007414,0.83478816471357,0.));
#958=DIRECTION('',(0.,0.,-1.));
#959=DIRECTION('',(-0.550571267007414,-0.83478816471357,0.));
#960=DIRECTION('',(0.,0.,-1.));
#961=DIRECTION('center_axis',(0.,0.,-1.));
#962=DIRECTION('ref_axis',(0.0751633552753894,0.997171234053483,0.));
#963=DIRECTION('center_axis',(0.,0.,-1.));
#964=DIRECTION('ref_axis',(0.0751633552753894,0.997171234053483,0.));
#965=DIRECTION('center_axis',(0.,0.,-1.));
#966=DIRECTION('ref_axis',(0.0751633552753894,0.997171234053483,0.));
#967=DIRECTION('',(0.,0.,-1.));
#968=DIRECTION('center_axis',(-0.991483176469294,0.130234829359735,0.));
#969=DIRECTION('ref_axis',(0.130234829359735,0.991483176469294,0.));
#970=DIRECTION('',(0.130234829359735,0.991483176469294,0.));
#971=DIRECTION('',(0.130234829359735,0.991483176469294,0.));
#972=DIRECTION('',(0.,0.,-1.));
#973=DIRECTION('center_axis',(0.,0.,-1.));
#974=DIRECTION('ref_axis',(1.,0.,0.));
#975=DIRECTION('center_axis',(0.,0.,-1.));
#976=DIRECTION('ref_axis',(1.,0.,0.));
#977=DIRECTION('center_axis',(0.,0.,1.));
#978=DIRECTION('ref_axis',(1.,0.,0.));
#979=DIRECTION('center_axis',(0.,0.,-1.));
#980=DIRECTION('ref_axis',(1.,0.,0.));
#981=DIRECTION('center_axis',(0.,0.,-1.));
#982=DIRECTION('ref_axis',(1.,0.,0.));
#983=DIRECTION('center_axis',(-0.797077511439935,0.60387700797159,0.));
#984=DIRECTION('ref_axis',(0.60387700797159,0.797077511439935,0.));
#985=DIRECTION('',(-0.60387700797159,-0.797077511439935,0.));
#986=DIRECTION('',(0.,0.,-1.));
#987=DIRECTION('',(0.60387700797159,0.797077511439935,0.));
#988=DIRECTION('',(0.,0.,-1.));
#989=DIRECTION('center_axis',(0.,0.,-1.));
#990=DIRECTION('ref_axis',(-0.0233313168423333,-0.999727787777454,0.));
#991=DIRECTION('center_axis',(0.,0.,-1.));
#992=DIRECTION('ref_axis',(-0.0233313168423333,-0.999727787777454,0.));
#993=DIRECTION('center_axis',(0.,0.,-1.));
#994=DIRECTION('ref_axis',(-0.0233313168423333,-0.999727787777454,0.));
#995=DIRECTION('',(0.,0.,-1.));
#996=DIRECTION('center_axis',(1.,0.,0.));
#997=DIRECTION('ref_axis',(0.,-1.,0.));
#998=DIRECTION('',(0.,-1.,0.));
#999=DIRECTION('',(0.,-1.,0.));
#1000=DIRECTION('',(0.,0.,-1.));
#1001=DIRECTION('center_axis',(0.,0.,-1.));
#1002=DIRECTION('ref_axis',(1.,0.,0.));
#1003=DIRECTION('center_axis',(0.,0.,-1.));
#1004=DIRECTION('ref_axis',(1.,0.,0.));
#1005=DIRECTION('center_axis',(0.,0.,1.));
#1006=DIRECTION('ref_axis',(1.,0.,0.));
#1007=DIRECTION('center_axis',(0.,0.,-1.));
#1008=DIRECTION('ref_axis',(1.,0.,0.));
#1009=DIRECTION('center_axis',(0.,0.,-1.));
#1010=DIRECTION('ref_axis',(1.,0.,0.));
#1011=CARTESIAN_POINT('',(0.,0.,0.));
#1012=CARTESIAN_POINT('Ctrl Pts',(-38.32,-5.,-2.05740662256756E-16));
#1013=CARTESIAN_POINT('Ctrl Pts',(-38.32,-2.31272997631396,0.192307692307692));
#1014=CARTESIAN_POINT('Ctrl Pts',(-39.6427395874357,3.05943997104154,0.576923076923078));
#1015=CARTESIAN_POINT('Ctrl Pts',(-45.1480090769913,9.27361720536681,1.15384615384615));
#1016=CARTESIAN_POINT('Ctrl Pts',(-52.9093753820369,12.2169044799804,1.73076923076923));
#1017=CARTESIAN_POINT('Ctrl Pts',(-61.1501262570475,11.2164731855864,2.30769230769231));
#1018=CARTESIAN_POINT('Ctrl Pts',(-67.9817468467634,6.50082012208229,2.88461538461538));
#1019=CARTESIAN_POINT('Ctrl Pts',(-71.8395068413746,-0.849425277174577,
3.46153846153846));
#1020=CARTESIAN_POINT('Ctrl Pts',(-71.839490320201,-9.15056856876646,4.03846153846154));
#1021=CARTESIAN_POINT('Ctrl Pts',(-67.9817727153713,-16.5008420681883,4.61538461538461));
#1022=CARTESIAN_POINT('Ctrl Pts',(-61.1500763078296,-21.2164230141784,5.19230769230769));
#1023=CARTESIAN_POINT('Ctrl Pts',(-52.9094768631308,-22.2170112399965,5.76923076923076));
#1024=CARTESIAN_POINT('Ctrl Pts',(-45.1477885224544,-19.2733923789794,6.34615384615385));
#1025=CARTESIAN_POINT('Ctrl Pts',(-39.6431243225559,-13.0599100429171,6.92307692307691));
#1026=CARTESIAN_POINT('Ctrl Pts',(-37.6565346838178,-5.0000000684971,7.50000000000001));
#1027=CARTESIAN_POINT('Ctrl Pts',(-39.6431242184391,3.05991021869524,8.07692307692306));
#1028=CARTESIAN_POINT('Ctrl Pts',(-45.1477887896402,9.27339206488923,8.65384615384616));
#1029=CARTESIAN_POINT('Ctrl Pts',(-52.9094762815916,12.2170118702407,9.23076923076922));
#1030=CARTESIAN_POINT('Ctrl Pts',(-61.1500775329969,11.2164217109274,9.80769230769232));
#1031=CARTESIAN_POINT('Ctrl Pts',(-67.9817701528628,6.50084478236508,10.3846153846154));
#1032=CARTESIAN_POINT('Ctrl Pts',(-71.8394956709058,-0.84943709313452,10.9615384615385));
#1033=CARTESIAN_POINT('Ctrl Pts',(-71.8394956720648,-9.15056290729716,11.5384615384615));
#1034=CARTESIAN_POINT('Ctrl Pts',(-67.9817701510476,-16.5008447808255,12.1153846153846));
#1035=CARTESIAN_POINT('Ctrl Pts',(-61.1500775364961,-21.2164217144465,12.6923076923077));
#1036=CARTESIAN_POINT('Ctrl Pts',(-52.9094762744272,-22.2170118627493,13.2692307692308));
#1037=CARTESIAN_POINT('Ctrl Pts',(-45.1477888045265,-19.2733920805946,13.8461538461538));
#1038=CARTESIAN_POINT('Ctrl Pts',(-39.6431241874023,-13.0599101858833,14.4230769230769));
#1039=CARTESIAN_POINT('Ctrl Pts',(-37.6565347485788,-5.00000000000001,15.));
#1040=CARTESIAN_POINT('Ctrl Pts',(-39.6431241874023,3.05991018588329,15.5769230769231));
#1041=CARTESIAN_POINT('Ctrl Pts',(-45.1477888045265,9.2733920805946,16.1538461538462));
#1042=CARTESIAN_POINT('Ctrl Pts',(-52.9094762744272,12.2170118627493,16.7307692307692));
#1043=CARTESIAN_POINT('Ctrl Pts',(-61.150077536496,11.2164217144465,17.3076923076923));
#1044=CARTESIAN_POINT('Ctrl Pts',(-67.9817701510476,6.50084478082551,17.8846153846154));
#1045=CARTESIAN_POINT('Ctrl Pts',(-71.8394956720648,-0.849437092702804,
18.4615384615385));
#1046=CARTESIAN_POINT('Ctrl Pts',(-71.8394956709058,-9.15056290686544,19.0384615384615));
#1047=CARTESIAN_POINT('Ctrl Pts',(-67.9817701528628,-16.5008447823651,19.6153846153846));
#1048=CARTESIAN_POINT('Ctrl Pts',(-61.1500775329969,-21.2164217109273,20.1923076923077));
#1049=CARTESIAN_POINT('Ctrl Pts',(-52.9094762815916,-22.2170118702407,20.7692307692308));
#1050=CARTESIAN_POINT('Ctrl Pts',(-45.1477887896403,-19.2733920648893,21.3461538461538));
#1051=CARTESIAN_POINT('Ctrl Pts',(-39.6431242184391,-13.0599102186953,21.9230769230769));
#1052=CARTESIAN_POINT('Ctrl Pts',(-37.6565346838178,-4.99999993150294,22.5));
#1053=CARTESIAN_POINT('Ctrl Pts',(-39.6431243225559,3.05991004291706,23.0769230769231));
#1054=CARTESIAN_POINT('Ctrl Pts',(-45.1477885224544,9.27339237897934,23.6538461538461));
#1055=CARTESIAN_POINT('Ctrl Pts',(-52.9094768631308,12.2170112399965,24.2307692307692));
#1056=CARTESIAN_POINT('Ctrl Pts',(-61.1500763078296,11.2164230141784,24.8076923076923));
#1057=CARTESIAN_POINT('Ctrl Pts',(-67.9817727153714,6.50084206818836,25.3846153846154));
#1058=CARTESIAN_POINT('Ctrl Pts',(-71.839490320201,-0.849431431233515,25.9615384615385));
#1059=CARTESIAN_POINT('Ctrl Pts',(-71.8395068413746,-9.15057472282538,26.5384615384615));
#1060=CARTESIAN_POINT('Ctrl Pts',(-67.9817468467634,-16.5008201220822,27.1153846153846));
#1061=CARTESIAN_POINT('Ctrl Pts',(-61.1501262570476,-21.2164731855864,27.6923076923077));
#1062=CARTESIAN_POINT('Ctrl Pts',(-52.909375382037,-22.2169044799804,28.2692307692308));
#1063=CARTESIAN_POINT('Ctrl Pts',(-45.1480090769913,-19.2736172053668,28.8461538461538));
#1064=CARTESIAN_POINT('Ctrl Pts',(-39.6427395874357,-13.0594399710416,29.4230769230769));
#1065=CARTESIAN_POINT('Ctrl Pts',(-38.32,-7.68727002368606,29.8076923076923));
#1066=CARTESIAN_POINT('Ctrl Pts',(-38.32,-5.00000000000002,30.));
#1067=CARTESIAN_POINT('Ctrl Pts',(-38.32,-5.,-0.502654824574368));
#1068=CARTESIAN_POINT('Ctrl Pts',(-38.32,-2.31206254568912,-0.310347132266675));
#1069=CARTESIAN_POINT('Ctrl Pts',(-39.6425314799082,3.05919703981496,0.0742682523487093));
#1070=CARTESIAN_POINT('Ctrl Pts',(-45.1479381614359,9.27392315604004,0.651191329271786));
#1071=CARTESIAN_POINT('Ctrl Pts',(-52.9093405468169,12.217004397947,1.22811440619486));
#1072=CARTESIAN_POINT('Ctrl Pts',(-61.1501954851132,11.2166748081832,1.80503748311794));
#1073=CARTESIAN_POINT('Ctrl Pts',(-67.981876067591,6.50091998494776,2.38196056004102));
#1074=CARTESIAN_POINT('Ctrl Pts',(-71.839680011047,-0.84937463348924,2.95888363696409));
#1075=CARTESIAN_POINT('Ctrl Pts',(-71.8396612754624,-9.15061487349722,3.53580671388717));
#1076=CARTESIAN_POINT('Ctrl Pts',(-67.9819054034907,-16.5009574027535,4.11272979081025));
#1077=CARTESIAN_POINT('Ctrl Pts',(-61.1501388409656,-21.2165892510054,4.68965286773332));
#1078=CARTESIAN_POINT('Ctrl Pts',(-52.9094556299013,-22.2171863221511,5.2665759446564));
#1079=CARTESIAN_POINT('Ctrl Pts',(-45.1476880449324,-19.2735381013892,5.84349902157948));
#1080=CARTESIAN_POINT('Ctrl Pts',(-39.6429677828943,-13.0599921099853,6.42042209850255));
#1081=CARTESIAN_POINT('Ctrl Pts',(-37.6563578648052,-5.00000011679001,6.99734517542564));
#1082=CARTESIAN_POINT('Ctrl Pts',(-39.6429676648223,3.05999240969337,7.5742682523487));
#1083=CARTESIAN_POINT('Ctrl Pts',(-45.1476883479304,9.27353756585426,8.15119132927179));
#1084=CARTESIAN_POINT('Ctrl Pts',(-52.9094549704156,12.21718739674,8.72811440619486));
#1085=CARTESIAN_POINT('Ctrl Pts',(-61.1501402303479,11.2165870289159,9.30503748311795));
#1086=CARTESIAN_POINT('Ctrl Pts',(-67.981902497517,6.50096203052303,9.88196056004101));
#1087=CARTESIAN_POINT('Ctrl Pts',(-71.8396673433475,-0.849394780236389,
10.4588836369641));
#1088=CARTESIAN_POINT('Ctrl Pts',(-71.8396673446618,-9.15060522049967,11.0358067138872));
#1089=CARTESIAN_POINT('Ctrl Pts',(-67.9819024954586,-16.500962027898,11.6127297908102));
#1090=CARTESIAN_POINT('Ctrl Pts',(-61.150140234316,-21.2165870349162,12.1896528677333));
#1091=CARTESIAN_POINT('Ctrl Pts',(-52.909454962291,-22.2171873839669,12.7665759446564));
#1092=CARTESIAN_POINT('Ctrl Pts',(-45.1476883648119,-19.2735375926325,13.3434990215795));
#1093=CARTESIAN_POINT('Ctrl Pts',(-39.6429676296254,-13.0599923537479,13.9204220985026));
#1094=CARTESIAN_POINT('Ctrl Pts',(-37.6563579382464,-5.00000000000002,14.4973451754256));
#1095=CARTESIAN_POINT('Ctrl Pts',(-39.6429676296254,3.05999235374782,15.0742682523487));
#1096=CARTESIAN_POINT('Ctrl Pts',(-45.1476883648119,9.2735375926325,15.6511913292718));
#1097=CARTESIAN_POINT('Ctrl Pts',(-52.909454962291,12.2171873839669,16.2281144061949));
#1098=CARTESIAN_POINT('Ctrl Pts',(-61.150140234316,11.2165870349162,16.8050374831179));
#1099=CARTESIAN_POINT('Ctrl Pts',(-67.9819024954586,6.50096202789799,17.381960560041));
#1100=CARTESIAN_POINT('Ctrl Pts',(-71.8396673446618,-0.849394779500297,
17.9588836369641));
#1101=CARTESIAN_POINT('Ctrl Pts',(-71.8396673433475,-9.15060521976357,18.5358067138872));
#1102=CARTESIAN_POINT('Ctrl Pts',(-67.9819024975171,-16.500962030523,19.1127297908103));
#1103=CARTESIAN_POINT('Ctrl Pts',(-61.1501402303478,-21.2165870289159,19.6896528677333));
#1104=CARTESIAN_POINT('Ctrl Pts',(-52.9094549704157,-22.21718739674,20.2665759446564));
#1105=CARTESIAN_POINT('Ctrl Pts',(-45.1476883479304,-19.2735375658543,20.8434990215795));
#1106=CARTESIAN_POINT('Ctrl Pts',(-39.6429676648223,-13.0599924096934,21.4204220985025));
#1107=CARTESIAN_POINT('Ctrl Pts',(-37.6563578648052,-4.99999988321004,21.9973451754256));
#1108=CARTESIAN_POINT('Ctrl Pts',(-39.6429677828944,3.05999210998529,22.5742682523487));
#1109=CARTESIAN_POINT('Ctrl Pts',(-45.1476880449323,9.27353810138916,23.1511913292718));
#1110=CARTESIAN_POINT('Ctrl Pts',(-52.9094556299013,12.2171863221511,23.7281144061949));
#1111=CARTESIAN_POINT('Ctrl Pts',(-61.1501388409656,11.2165892510054,24.3050374831179));
#1112=CARTESIAN_POINT('Ctrl Pts',(-67.9819054034907,6.50095740275353,24.881960560041));
#1113=CARTESIAN_POINT('Ctrl Pts',(-71.8396612754624,-0.849385126502764,
25.4588836369641));
#1114=CARTESIAN_POINT('Ctrl Pts',(-71.8396800110469,-9.15062536651071,26.0358067138872));
#1115=CARTESIAN_POINT('Ctrl Pts',(-67.9818760675911,-16.5009199849477,26.6127297908102));
#1116=CARTESIAN_POINT('Ctrl Pts',(-61.1501954851132,-21.2166748081831,27.1896528677333));
#1117=CARTESIAN_POINT('Ctrl Pts',(-52.909340546817,-22.2170043979471,27.7665759446564));
#1118=CARTESIAN_POINT('Ctrl Pts',(-45.1479381614359,-19.2739231560401,28.3434990215795));
#1119=CARTESIAN_POINT('Ctrl Pts',(-39.6425314799083,-13.059197039815,28.9204220985025));
#1120=CARTESIAN_POINT('Ctrl Pts',(-38.32,-7.68793745431091,29.3050374831179));
#1121=CARTESIAN_POINT('Ctrl Pts',(-38.32,-5.00000000000002,29.4973451754256));
#1122=CARTESIAN_POINT('Ctrl Pts',(-38.8004234708984,-5.,-1.50340744445271));
#1123=CARTESIAN_POINT('Ctrl Pts',(-38.8004234708984,-2.39042064491878,-1.31109975214502));
#1124=CARTESIAN_POINT('Ctrl Pts',(-40.0851557421652,2.82741492200434,-0.926484367529633));
#1125=CARTESIAN_POINT('Ctrl Pts',(-45.4318006410152,8.86236988948824,-0.349561290606556));
#1126=CARTESIAN_POINT('Ctrl Pts',(-52.9696055028716,11.7209733353277,0.22736178631652));
#1127=CARTESIAN_POINT('Ctrl Pts',(-60.9729578909272,10.7493124965663,0.804284863239597));
#1128=CARTESIAN_POINT('Ctrl Pts',(-67.6077854907473,6.16952575727371,1.38120794016267));
#1129=CARTESIAN_POINT('Ctrl Pts',(-71.3544137113693,-0.968993726521353,
1.95813101708575));
#1130=CARTESIAN_POINT('Ctrl Pts',(-71.354398631306,-9.03100218802056,2.53505409400883));
#1131=CARTESIAN_POINT('Ctrl Pts',(-67.6078091028864,-16.1695403271693,3.1119771709319));
#1132=CARTESIAN_POINT('Ctrl Pts',(-60.9729122986834,-20.7492791948633,3.68890024785498));
#1133=CARTESIAN_POINT('Ctrl Pts',(-52.969698131965,-21.7210442563487,4.26582332477805));
#1134=CARTESIAN_POINT('Ctrl Pts',(-45.4315993250261,-18.8622213820999,4.84274640170114));
#1135=CARTESIAN_POINT('Ctrl Pts',(-40.0855069175814,-12.8277297880076,5.41966947862421));
#1136=CARTESIAN_POINT('Ctrl Pts',(-38.1561446011918,-5.00000004547337,5.99659255554729));
#1137=CARTESIAN_POINT('Ctrl Pts',(-40.0855068225465,2.82772990470193,6.57351563247036));
#1138=CARTESIAN_POINT('Ctrl Pts',(-45.4315995689058,8.86222117358398,7.15043870939344));
#1139=CARTESIAN_POINT('Ctrl Pts',(-52.9696976011524,11.7210446747506,7.72736178631651));
#1140=CARTESIAN_POINT('Ctrl Pts',(-60.9729134169817,10.7492783296705,8.3042848632396));
#1141=CARTESIAN_POINT('Ctrl Pts',(-67.6078067639005,6.1695421290366,8.88120794016267));
#1142=CARTESIAN_POINT('Ctrl Pts',(-71.354403515279,-0.969001570765261,9.45813101708574));
#1143=CARTESIAN_POINT('Ctrl Pts',(-71.3544035163369,-9.03099842952131,10.0350540940088));
#1144=CARTESIAN_POINT('Ctrl Pts',(-67.6078067622437,-16.1695421280145,10.6119771709319));
#1145=CARTESIAN_POINT('Ctrl Pts',(-60.9729134201756,-20.7492783320068,11.188900247855));
#1146=CARTESIAN_POINT('Ctrl Pts',(-52.969697594613,-21.7210446697772,11.7658233247781));
#1147=CARTESIAN_POINT('Ctrl Pts',(-45.4315995824935,-18.8622211840104,12.3427464017011));
#1148=CARTESIAN_POINT('Ctrl Pts',(-40.085506794217,-12.827729882919,12.9196694786242));
#1149=CARTESIAN_POINT('Ctrl Pts',(-38.1561446603038,-5.00000000000002,13.4965925555473));
#1150=CARTESIAN_POINT('Ctrl Pts',(-40.085506794217,2.82772988291897,14.0735156324704));
#1151=CARTESIAN_POINT('Ctrl Pts',(-45.4315995824935,8.86222118401036,14.6504387093934));
#1152=CARTESIAN_POINT('Ctrl Pts',(-52.969697594613,11.7210446697772,15.2273617863165));
#1153=CARTESIAN_POINT('Ctrl Pts',(-60.9729134201756,10.7492783320068,15.8042848632396));
#1154=CARTESIAN_POINT('Ctrl Pts',(-67.6078067622437,6.16954212801452,16.3812079401627));
#1155=CARTESIAN_POINT('Ctrl Pts',(-71.3544035163369,-0.969001570478658,
16.9581310170858));
#1156=CARTESIAN_POINT('Ctrl Pts',(-71.354403515279,-9.0309984292347,17.5350540940088));
#1157=CARTESIAN_POINT('Ctrl Pts',(-67.6078067639005,-16.1695421290366,18.1119771709319));
#1158=CARTESIAN_POINT('Ctrl Pts',(-60.9729134169817,-20.7492783296705,18.688900247855));
#1159=CARTESIAN_POINT('Ctrl Pts',(-52.9696976011525,-21.7210446747505,19.2658233247781));
#1160=CARTESIAN_POINT('Ctrl Pts',(-45.4315995689058,-18.862221173584,19.8427464017011));
#1161=CARTESIAN_POINT('Ctrl Pts',(-40.0855068225465,-12.827729904702,20.4196694786242));
#1162=CARTESIAN_POINT('Ctrl Pts',(-38.1561446011918,-4.99999995452669,20.9965925555473));
#1163=CARTESIAN_POINT('Ctrl Pts',(-40.0855069175814,2.8277297880076,21.5735156324704));
#1164=CARTESIAN_POINT('Ctrl Pts',(-45.431599325026,8.86222138209983,22.1504387093934));
#1165=CARTESIAN_POINT('Ctrl Pts',(-52.9696981319651,11.7210442563487,22.7273617863165));
#1166=CARTESIAN_POINT('Ctrl Pts',(-60.9729122986834,10.7492791948633,23.3042848632396));
#1167=CARTESIAN_POINT('Ctrl Pts',(-67.6078091028864,6.16954032716928,23.8812079401626));
#1168=CARTESIAN_POINT('Ctrl Pts',(-71.354398631306,-0.96899781197942,24.4581310170858));
#1169=CARTESIAN_POINT('Ctrl Pts',(-71.3544137113692,-9.03100627347861,25.0350540940088));
#1170=CARTESIAN_POINT('Ctrl Pts',(-67.6077854907475,-16.1695257572737,25.6119771709319));
#1171=CARTESIAN_POINT('Ctrl Pts',(-60.9729578909272,-20.7493124965663,26.188900247855));
#1172=CARTESIAN_POINT('Ctrl Pts',(-52.9696055028718,-21.7209733353278,26.7658233247781));
#1173=CARTESIAN_POINT('Ctrl Pts',(-45.4318006410152,-18.8623698894883,27.3427464017011));
#1174=CARTESIAN_POINT('Ctrl Pts',(-40.0851557421653,-12.8274149220044,27.9196694786242));
#1175=CARTESIAN_POINT('Ctrl Pts',(-38.8004234708984,-7.60957935508125,28.3042848632396));
#1176=CARTESIAN_POINT('Ctrl Pts',(-38.8004234708984,-5.00000000000002,28.4965925555473));
#1177=CARTESIAN_POINT('Ctrl Pts',(-40.4286209437633,-5.,-1.87383965489223));
#1178=CARTESIAN_POINT('Ctrl Pts',(-40.4286209437633,-2.65219984594063,-1.68153196258454));
#1179=CARTESIAN_POINT('Ctrl Pts',(-41.5840687180254,2.04050785742066,-1.29691657796915));
#1180=CARTESIAN_POINT('Ctrl Pts',(-46.3934336136287,7.46931387533397,-0.719993501046077));
#1181=CARTESIAN_POINT('Ctrl Pts',(-53.1736512869464,10.0404467395745,-0.143070424123001));
#1182=CARTESIAN_POINT('Ctrl Pts',(-60.3726764841414,9.1665233322158,0.433852652800077));
#1183=CARTESIAN_POINT('Ctrl Pts',(-66.3406920474223,5.04696758892125,1.01077572972315));
#1184=CARTESIAN_POINT('Ctrl Pts',(-69.7107850698041,-1.37410630089424,1.58769880664623));
#1185=CARTESIAN_POINT('Ctrl Pts',(-69.710769826332,-8.62588673424291,2.16462188356931));
#1186=CARTESIAN_POINT('Ctrl Pts',(-66.3407159154243,-15.0469924258908,2.74154496049239));
#1187=CARTESIAN_POINT('Ctrl Pts',(-60.3726303978567,-19.166466546229,3.31846803741546));
#1188=CARTESIAN_POINT('Ctrl Pts',(-53.1737449197756,-20.0405675259477,3.89539111433854));
#1189=CARTESIAN_POINT('Ctrl Pts',(-46.3932301161645,-17.4690588005392,4.47231419126162));
#1190=CARTESIAN_POINT('Ctrl Pts',(-41.5844236988046,-12.0410375078468,5.04923726818469));
#1191=CARTESIAN_POINT('Ctrl Pts',(-39.8489635960297,-5.00000007752117,5.62616034510778));
#1192=CARTESIAN_POINT('Ctrl Pts',(-41.5844236027399,2.04103770678266,6.20308342203084));
#1193=CARTESIAN_POINT('Ctrl Pts',(-46.3932303626869,7.46905844506962,6.78000649895393));
#1194=CARTESIAN_POINT('Ctrl Pts',(-53.1737443832109,10.0405682392226,7.35692957587699));
#1195=CARTESIAN_POINT('Ctrl Pts',(-60.3726315282729,9.1664650712828,7.93385265280008));
#1196=CARTESIAN_POINT('Ctrl Pts',(-66.3407135510929,5.04699549764377,8.51077572972316));
#1197=CARTESIAN_POINT('Ctrl Pts',(-69.7107747632282,-1.37411967357452,9.08769880664623));
#1198=CARTESIAN_POINT('Ctrl Pts',(-69.7107747642975,-8.62588032691404,9.66462188356931));
#1199=CARTESIAN_POINT('Ctrl Pts',(-66.3407135494182,-15.0469954959013,10.2415449604924));
#1200=CARTESIAN_POINT('Ctrl Pts',(-60.3726315315014,-19.1664650752656,10.8184680374155));
#1201=CARTESIAN_POINT('Ctrl Pts',(-53.1737443766007,-20.0405682307443,11.3953911143385));
#1202=CARTESIAN_POINT('Ctrl Pts',(-46.3932303764219,-17.4690584628441,11.9723141912616));
#1203=CARTESIAN_POINT('Ctrl Pts',(-41.5844235741034,-12.041037669648,12.5492372681847));
#1204=CARTESIAN_POINT('Ctrl Pts',(-39.8489636557822,-5.00000000000001,13.1261603451078));
#1205=CARTESIAN_POINT('Ctrl Pts',(-41.5844235741034,2.04103766964793,13.7030834220308));
#1206=CARTESIAN_POINT('Ctrl Pts',(-46.3932303764219,7.46905846284409,14.2800064989539));
#1207=CARTESIAN_POINT('Ctrl Pts',(-53.1737443766006,10.0405682307443,14.856929575877));
#1208=CARTESIAN_POINT('Ctrl Pts',(-60.3726315315014,9.16646507526562,15.4338526528001));
#1209=CARTESIAN_POINT('Ctrl Pts',(-66.3407135494182,5.04699549590136,16.0107757297232));
#1210=CARTESIAN_POINT('Ctrl Pts',(-69.7107747642975,-1.37411967308593,16.5876988066462));
#1211=CARTESIAN_POINT('Ctrl Pts',(-69.7107747632282,-8.62588032642544,17.1646218835693));
#1212=CARTESIAN_POINT('Ctrl Pts',(-66.340713551093,-15.0469954976438,17.7415449604924));
#1213=CARTESIAN_POINT('Ctrl Pts',(-60.3726315282729,-19.1664650712828,18.3184680374155));
#1214=CARTESIAN_POINT('Ctrl Pts',(-53.173744383211,-20.0405682392226,18.8953911143385));
#1215=CARTESIAN_POINT('Ctrl Pts',(-46.3932303626869,-17.4690584450696,19.4723141912616));
#1216=CARTESIAN_POINT('Ctrl Pts',(-41.5844236027399,-12.0410377067827,20.0492372681847));
#1217=CARTESIAN_POINT('Ctrl Pts',(-39.8489635960297,-4.99999992247887,20.6261603451078));
#1218=CARTESIAN_POINT('Ctrl Pts',(-41.5844236988046,2.0410375078468,21.2030834220309));
#1219=CARTESIAN_POINT('Ctrl Pts',(-46.3932301161644,7.46905880053917,21.7800064989539));
#1220=CARTESIAN_POINT('Ctrl Pts',(-53.1737449197755,10.0405675259477,22.356929575877));
#1221=CARTESIAN_POINT('Ctrl Pts',(-60.3726303978566,9.16646654622899,22.9338526528001));
#1222=CARTESIAN_POINT('Ctrl Pts',(-66.3407159154243,5.04699242589079,23.5107757297232));
#1223=CARTESIAN_POINT('Ctrl Pts',(-69.710769826332,-1.37411326575707,24.0876988066462));
#1224=CARTESIAN_POINT('Ctrl Pts',(-69.710785069804,-8.62589369910572,24.6646218835693));
#1225=CARTESIAN_POINT('Ctrl Pts',(-66.3406920474224,-15.0469675889212,25.2415449604924));
#1226=CARTESIAN_POINT('Ctrl Pts',(-60.3726764841414,-19.1665233322158,25.8184680374154));
#1227=CARTESIAN_POINT('Ctrl Pts',(-53.1736512869465,-20.0404467395745,26.3953911143386));
#1228=CARTESIAN_POINT('Ctrl Pts',(-46.3934336136288,-17.469313875334,26.9723141912616));
#1229=CARTESIAN_POINT('Ctrl Pts',(-41.5840687180254,-12.0405078574207,27.5492372681847));
#1230=CARTESIAN_POINT('Ctrl Pts',(-40.4286209437633,-7.34780015405939,27.9338526528001));
#1231=CARTESIAN_POINT('Ctrl Pts',(-40.4286209437633,-5.00000000000001,28.1261603451078));
#1232=CARTESIAN_POINT('Ctrl Pts',(-41.7327359406188,-5.,-0.835280103388239));
#1233=CARTESIAN_POINT('Ctrl Pts',(-41.7327359406188,-2.8626611681666,-0.642972411080547));
#1234=CARTESIAN_POINT('Ctrl Pts',(-42.7848780696324,1.41051637942072,-0.258357026465162));
#1235=CARTESIAN_POINT('Ctrl Pts',(-47.1637432721036,6.35317585893858,0.318566050457915));
#1236=CARTESIAN_POINT('Ctrl Pts',(-53.3371241484385,8.69430049102563,0.895489127380992));
#1237=CARTESIAN_POINT('Ctrl Pts',(-59.8917956242949,7.89854047317455,1.47241220430407));
#1238=CARTESIAN_POINT('Ctrl Pts',(-65.3256531002377,4.14772972338129,2.04933528122714));
#1239=CARTESIAN_POINT('Ctrl Pts',(-68.3941060261241,-1.69864352686725,2.62625835815022));
#1240=CARTESIAN_POINT('Ctrl Pts',(-68.3940932649664,-8.30135232233677,3.2031814350733));
#1241=CARTESIAN_POINT('Ctrl Pts',(-65.3256730814686,-14.1477445258755,3.78010451199638));
#1242=CARTESIAN_POINT('Ctrl Pts',(-59.8917570429048,-17.8985066355922,4.35702758891945));
#1243=CARTESIAN_POINT('Ctrl Pts',(-53.3372025336831,-18.6943725170799,4.93395066584253));
#1244=CARTESIAN_POINT('Ctrl Pts',(-47.1635729130676,-16.3530245116113,5.51087374276561));
#1245=CARTESIAN_POINT('Ctrl Pts',(-42.7851752437696,-11.4108345364957,6.08779681968868));
#1246=CARTESIAN_POINT('Ctrl Pts',(-41.2050462687959,-5.00000004620024,6.66471989661177));
#1247=CARTESIAN_POINT('Ctrl Pts',(-42.7851751633485,1.41083465505535,7.24164297353483));
#1248=CARTESIAN_POINT('Ctrl Pts',(-47.1635731194452,6.35302429976239,7.81856605045792));
#1249=CARTESIAN_POINT('Ctrl Pts',(-53.3372020844951,8.69437294216985,8.39548912738099));
#1250=CARTESIAN_POINT('Ctrl Pts',(-59.891757989239,7.89850575656966,8.97241220430407));
#1251=CARTESIAN_POINT('Ctrl Pts',(-65.3256711021555,4.14774635654535,9.54933528122714));
#1252=CARTESIAN_POINT('Ctrl Pts',(-68.3940973979165,-1.69865149652915,10.1262583581502));
#1253=CARTESIAN_POINT('Ctrl Pts',(-68.3940973988119,-8.30134850376201,10.7031814350733));
#1254=CARTESIAN_POINT('Ctrl Pts',(-65.3256711007534,-14.1477463555069,11.2801045119964));
#1255=CARTESIAN_POINT('Ctrl Pts',(-59.8917579919418,-17.8985057589433,11.8570275889194));
#1256=CARTESIAN_POINT('Ctrl Pts',(-53.3372020789613,-18.694372937117,12.4339506658425));
#1257=CARTESIAN_POINT('Ctrl Pts',(-47.1635731309435,-16.3530243103554,13.0108737427656));
#1258=CARTESIAN_POINT('Ctrl Pts',(-42.7851751393753,-11.4108346329242,13.5877968196887));
#1259=CARTESIAN_POINT('Ctrl Pts',(-41.2050463188181,-5.00000000000001,14.1647198966118));
#1260=CARTESIAN_POINT('Ctrl Pts',(-42.7851751393753,1.41083463292419,14.7416429735348));
#1261=CARTESIAN_POINT('Ctrl Pts',(-47.1635731309435,6.35302431035543,15.3185660504579));
#1262=CARTESIAN_POINT('Ctrl Pts',(-53.3372020789612,8.69437293711699,15.895489127381));
#1263=CARTESIAN_POINT('Ctrl Pts',(-59.8917579919418,7.89850575894331,16.4724122043041));
#1264=CARTESIAN_POINT('Ctrl Pts',(-65.3256711007534,4.14774635550692,17.0493352812271));
#1265=CARTESIAN_POINT('Ctrl Pts',(-68.3940973988118,-1.69865149623796,17.6262583581502));
#1266=CARTESIAN_POINT('Ctrl Pts',(-68.3940973979166,-8.30134850347083,18.2031814350733));
#1267=CARTESIAN_POINT('Ctrl Pts',(-65.3256711021554,-14.1477463565453,18.7801045119964));
#1268=CARTESIAN_POINT('Ctrl Pts',(-59.891757989239,-17.8985057565697,19.3570275889195));
#1269=CARTESIAN_POINT('Ctrl Pts',(-53.3372020844951,-18.6943729421698,19.9339506658425));
#1270=CARTESIAN_POINT('Ctrl Pts',(-47.1635731194452,-16.3530242997624,20.5108737427656));
#1271=CARTESIAN_POINT('Ctrl Pts',(-42.7851751633486,-11.4108346550554,21.0877968196887));
#1272=CARTESIAN_POINT('Ctrl Pts',(-41.2050462687959,-4.99999995379981,21.6647198966118));
#1273=CARTESIAN_POINT('Ctrl Pts',(-42.7851752437696,1.41083453649569,22.2416429735349));
#1274=CARTESIAN_POINT('Ctrl Pts',(-47.1635729130675,6.3530245116113,22.8185660504579));
#1275=CARTESIAN_POINT('Ctrl Pts',(-53.3372025336831,8.69437251707994,23.395489127381));
#1276=CARTESIAN_POINT('Ctrl Pts',(-59.8917570429048,7.89850663559222,23.9724122043041));
#1277=CARTESIAN_POINT('Ctrl Pts',(-65.3256730814685,4.14774452587553,24.5493352812271));
#1278=CARTESIAN_POINT('Ctrl Pts',(-68.3940932649665,-1.69864767766323,25.1262583581502));
#1279=CARTESIAN_POINT('Ctrl Pts',(-68.394106026124,-8.30135647313272,25.7031814350733));
#1280=CARTESIAN_POINT('Ctrl Pts',(-65.3256531002378,-14.1477297233813,26.2801045119964));
#1281=CARTESIAN_POINT('Ctrl Pts',(-59.8917956242948,-17.8985404731745,26.8570275889194));
#1282=CARTESIAN_POINT('Ctrl Pts',(-53.3371241484386,-18.6943004910257,27.4339506658426));
#1283=CARTESIAN_POINT('Ctrl Pts',(-47.1637432721036,-16.3531758589386,28.0108737427656));
#1284=CARTESIAN_POINT('Ctrl Pts',(-42.7848780696324,-11.4105163794208,28.5877968196887));
#1285=CARTESIAN_POINT('Ctrl Pts',(-41.7327359406188,-7.13733883183342,28.9724122043041));
#1286=CARTESIAN_POINT('Ctrl Pts',(-41.7327359406188,-5.00000000000001,29.1647198966118));
#1287=CARTESIAN_POINT('Ctrl Pts',(-41.7323034792542,-5.,0.835878456442855));
#1288=CARTESIAN_POINT('Ctrl Pts',(-41.7323034792542,-2.86239910719846,1.02818614875055));
#1289=CARTESIAN_POINT('Ctrl Pts',(-42.7844199154266,1.41065531060388,1.41280153336593));
#1290=CARTESIAN_POINT('Ctrl Pts',(-47.1634673985651,6.35363412108383,1.98972461028901));
#1291=CARTESIAN_POINT('Ctrl Pts',(-53.3370599036135,8.69477567424423,2.56664768721209));
#1292=CARTESIAN_POINT('Ctrl Pts',(-59.8919750333865,7.89901903484381,3.14357076413516));
#1293=CARTESIAN_POINT('Ctrl Pts',(-65.3260269253883,4.14805669013885,3.72049384105824));
#1294=CARTESIAN_POINT('Ctrl Pts',(-68.3945925395345,-1.6985213170155,4.29741691798132));
#1295=CARTESIAN_POINT('Ctrl Pts',(-68.39457913964,-8.30147328131618,4.8743399949044));
#1296=CARTESIAN_POINT('Ctrl Pts',(-65.326047906744,-14.148075952952,5.45126307182747));
#1297=CARTESIAN_POINT('Ctrl Pts',(-59.8919345208739,-17.8989749959383,6.02818614875055));
#1298=CARTESIAN_POINT('Ctrl Pts',(-53.3371422122916,-18.6948693693015,6.60510922567362));
#1299=CARTESIAN_POINT('Ctrl Pts',(-47.1632885125119,-16.3534365817943,7.18203230259671));
#1300=CARTESIAN_POINT('Ctrl Pts',(-42.7847319640844,-11.4110671613071,7.75895537951977));
#1301=CARTESIAN_POINT('Ctrl Pts',(-41.2045456373542,-5.00000006012254,8.33587845644286));
#1302=CARTESIAN_POINT('Ctrl Pts',(-42.7847318796379,1.41106731559432,8.91280153336593));
#1303=CARTESIAN_POINT('Ctrl Pts',(-47.1632887292194,6.35343630610526,9.48972461028902));
#1304=CARTESIAN_POINT('Ctrl Pts',(-53.3371417406202,8.694869922491,10.0666476872121));
#1305=CARTESIAN_POINT('Ctrl Pts',(-59.8919355145752,7.89897385202483,10.6435707641352));
#1306=CARTESIAN_POINT('Ctrl Pts',(-65.3260458283599,4.14807833528932,11.2204938410582));
#1307=CARTESIAN_POINT('Ctrl Pts',(-68.3945834794576,-1.69853168835066,11.7974169179813));
#1308=CARTESIAN_POINT('Ctrl Pts',(-68.3945834803976,-8.30146831202826,12.3743399949044));
#1309=CARTESIAN_POINT('Ctrl Pts',(-65.3260458268877,-14.1480783339379,12.9512630718275));
#1310=CARTESIAN_POINT('Ctrl Pts',(-59.8919355174133,-17.8989738551138,13.5281861487506));
#1311=CARTESIAN_POINT('Ctrl Pts',(-53.3371417348094,-18.6948699159155,14.1051092256736));
#1312=CARTESIAN_POINT('Ctrl Pts',(-47.1632887412932,-16.3534363198905,14.6820323025967));
#1313=CARTESIAN_POINT('Ctrl Pts',(-42.7847318544648,-11.411067286794,15.2589553795198));
#1314=CARTESIAN_POINT('Ctrl Pts',(-41.20454568988,-5.00000000000002,15.8358784564429));
#1315=CARTESIAN_POINT('Ctrl Pts',(-42.7847318544648,1.41106728679401,16.4128015333659));
#1316=CARTESIAN_POINT('Ctrl Pts',(-47.1632887412932,6.35343631989047,16.989724610289));
#1317=CARTESIAN_POINT('Ctrl Pts',(-53.3371417348094,8.6948699159155,17.5666476872121));
#1318=CARTESIAN_POINT('Ctrl Pts',(-59.8919355174132,7.89897385511375,18.1435707641352));
#1319=CARTESIAN_POINT('Ctrl Pts',(-65.3260458268877,4.14807833393797,18.7204938410583));
#1320=CARTESIAN_POINT('Ctrl Pts',(-68.3945834803976,-1.69853168797172,19.2974169179813));
#1321=CARTESIAN_POINT('Ctrl Pts',(-68.3945834794576,-8.30146831164932,19.8743399949044));
#1322=CARTESIAN_POINT('Ctrl Pts',(-65.3260458283599,-14.1480783352893,20.4512630718275));
#1323=CARTESIAN_POINT('Ctrl Pts',(-59.8919355145752,-17.8989738520248,21.0281861487506));
#1324=CARTESIAN_POINT('Ctrl Pts',(-53.3371417406203,-18.694869922491,21.6051092256736));
#1325=CARTESIAN_POINT('Ctrl Pts',(-47.1632887292194,-16.3534363061053,22.1820323025967));
#1326=CARTESIAN_POINT('Ctrl Pts',(-42.784731879638,-11.4110673155944,22.7589553795198));
#1327=CARTESIAN_POINT('Ctrl Pts',(-41.2045456373542,-4.9999999398775,23.3358784564429));
#1328=CARTESIAN_POINT('Ctrl Pts',(-42.7847319640844,1.41106716130706,23.912801533366));
#1329=CARTESIAN_POINT('Ctrl Pts',(-47.1632885125118,6.35343658179422,24.489724610289));
#1330=CARTESIAN_POINT('Ctrl Pts',(-53.3371422122916,8.69486936930146,25.0666476872121));
#1331=CARTESIAN_POINT('Ctrl Pts',(-59.8919345208738,7.89897499593831,25.6435707641352));
#1332=CARTESIAN_POINT('Ctrl Pts',(-65.326047906744,4.148075952952,26.2204938410582));
#1333=CARTESIAN_POINT('Ctrl Pts',(-68.39457913964,-1.69852671868381,26.7974169179813));
#1334=CARTESIAN_POINT('Ctrl Pts',(-68.3945925395345,-8.30147868298446,27.3743399949044));
#1335=CARTESIAN_POINT('Ctrl Pts',(-65.3260269253884,-14.1480566901388,27.9512630718275));
#1336=CARTESIAN_POINT('Ctrl Pts',(-59.8919750333865,-17.8990190348438,28.5281861487505));
#1337=CARTESIAN_POINT('Ctrl Pts',(-53.3370599036137,-18.6947756742443,29.1051092256737));
#1338=CARTESIAN_POINT('Ctrl Pts',(-47.1634673985652,-16.3536341210839,29.6820323025967));
#1339=CARTESIAN_POINT('Ctrl Pts',(-42.7844199154266,-11.4106553106039,30.2589553795198));
#1340=CARTESIAN_POINT('Ctrl Pts',(-41.7323034792542,-7.13760089280156,30.6435707641352));
#1341=CARTESIAN_POINT('Ctrl Pts',(-41.7323034792542,-5.00000000000001,30.8358784564428));
#1342=CARTESIAN_POINT('Ctrl Pts',(-40.7548467217671,-5.,1.61207063364883));
#1343=CARTESIAN_POINT('Ctrl Pts',(-40.7548467217671,-2.70506634023806,1.80437832595653));
#1344=CARTESIAN_POINT('Ctrl Pts',(-41.8845208764797,1.8829946523636,2.18899371057191));
#1345=CARTESIAN_POINT('Ctrl Pts',(-46.5861507165217,7.19001018458189,2.76591678749499));
#1346=CARTESIAN_POINT('Ctrl Pts',(-53.2145556496003,9.70367395808052,3.34283986441807));
#1347=CARTESIAN_POINT('Ctrl Pts',(-60.2523608631286,8.84926977959466,3.91976294134114));
#1348=CARTESIAN_POINT('Ctrl Pts',(-66.0867364846733,4.82198944126929,4.49668601826422));
#1349=CARTESIAN_POINT('Ctrl Pts',(-69.3813594656097,-1.45530628447828,5.07360909518729));
#1350=CARTESIAN_POINT('Ctrl Pts',(-69.3813455709094,-8.54468888070004,5.65053217211037));
#1351=CARTESIAN_POINT('Ctrl Pts',(-66.0867582407884,-14.8220066829666,6.22745524903345));
#1352=CARTESIAN_POINT('Ctrl Pts',(-60.2523188546472,-18.8492303645401,6.80437832595652));
#1353=CARTESIAN_POINT('Ctrl Pts',(-53.2146409976162,-19.7037578425321,7.3813014028796));
#1354=CARTESIAN_POINT('Ctrl Pts',(-46.5859652249056,-17.189833720106,7.95822447980268));
#1355=CARTESIAN_POINT('Ctrl Pts',(-41.884844447875,-11.8833645791792,8.53514755672575));
#1356=CARTESIAN_POINT('Ctrl Pts',(-40.1882472601309,-5.0000000538136,9.11207063364884));
#1357=CARTESIAN_POINT('Ctrl Pts',(-41.8848443603103,1.88336471727637,9.6889937105719));
#1358=CARTESIAN_POINT('Ctrl Pts',(-46.5859654496152,7.18983347334629,10.265916787495));
#1359=CARTESIAN_POINT('Ctrl Pts',(-53.2146405085279,9.70375833767289,10.8428398644181));
#1360=CARTESIAN_POINT('Ctrl Pts',(-60.2523198850421,8.84922934066267,11.4197629413411));
#1361=CARTESIAN_POINT('Ctrl Pts',(-66.0867560856577,4.82200881531412,11.9966860182642));
#1362=CARTESIAN_POINT('Ctrl Pts',(-69.3813500709795,-1.45531556747886,12.5736090951873));
#1363=CARTESIAN_POINT('Ctrl Pts',(-69.3813500719542,-8.54468443286028,13.1505321721104));
#1364=CARTESIAN_POINT('Ctrl Pts',(-66.0867560841312,-14.8220088141046,13.7274552490334));
#1365=CARTESIAN_POINT('Ctrl Pts',(-60.2523198879849,-18.8492293434275,14.3043783259565));
#1366=CARTESIAN_POINT('Ctrl Pts',(-53.2146405025025,-19.7037583317874,14.8813014028796));
#1367=CARTESIAN_POINT('Ctrl Pts',(-46.5859654621348,-17.189833485685,15.4582244798027));
#1368=CARTESIAN_POINT('Ctrl Pts',(-41.8848443342076,-11.8833646914982,16.0351475567258));
#1369=CARTESIAN_POINT('Ctrl Pts',(-40.1882473145963,-5.00000000000002,16.6120706336488));
#1370=CARTESIAN_POINT('Ctrl Pts',(-41.8848443342076,1.88336469149821,17.1889937105719));
#1371=CARTESIAN_POINT('Ctrl Pts',(-46.5859654621348,7.18983348568496,17.765916787495));
#1372=CARTESIAN_POINT('Ctrl Pts',(-53.2146405025025,9.70375833178739,18.3428398644181));
#1373=CARTESIAN_POINT('Ctrl Pts',(-60.2523198879849,8.84922934342746,18.9197629413411));
#1374=CARTESIAN_POINT('Ctrl Pts',(-66.0867560841311,4.82200881410458,19.4966860182642));
#1375=CARTESIAN_POINT('Ctrl Pts',(-69.3813500719542,-1.45531556713969,20.0736090951873));
#1376=CARTESIAN_POINT('Ctrl Pts',(-69.3813500709795,-8.5446844325211,20.6505321721104));
#1377=CARTESIAN_POINT('Ctrl Pts',(-66.0867560856577,-14.8220088153141,21.2274552490335));
#1378=CARTESIAN_POINT('Ctrl Pts',(-60.2523198850422,-18.8492293406627,21.8043783259565));
#1379=CARTESIAN_POINT('Ctrl Pts',(-53.2146405085279,-19.7037583376729,22.3813014028796));
#1380=CARTESIAN_POINT('Ctrl Pts',(-46.5859654496153,-17.1898334733463,22.9582244798027));
#1381=CARTESIAN_POINT('Ctrl Pts',(-41.8848443603103,-11.8833647172764,23.5351475567257));
#1382=CARTESIAN_POINT('Ctrl Pts',(-40.1882472601309,-4.99999994618643,24.1120706336489));
#1383=CARTESIAN_POINT('Ctrl Pts',(-41.884844447875,1.88336457917918,24.6889937105719));
#1384=CARTESIAN_POINT('Ctrl Pts',(-46.5859652249055,7.18983372010594,25.265916787495));
#1385=CARTESIAN_POINT('Ctrl Pts',(-53.2146409976162,9.70375784253207,25.8428398644181));
#1386=CARTESIAN_POINT('Ctrl Pts',(-60.2523188546472,8.84923036454006,26.4197629413411));
#1387=CARTESIAN_POINT('Ctrl Pts',(-66.0867582407884,4.82200668296663,26.9966860182642));
#1388=CARTESIAN_POINT('Ctrl Pts',(-69.3813455709094,-1.45531111929995,27.5736090951873));
#1389=CARTESIAN_POINT('Ctrl Pts',(-69.3813594656096,-8.54469371552168,28.1505321721103));
#1390=CARTESIAN_POINT('Ctrl Pts',(-66.0867364846734,-14.8219894412693,28.7274552490335));
#1391=CARTESIAN_POINT('Ctrl Pts',(-60.2523608631287,-18.8492697795946,29.3043783259565));
#1392=CARTESIAN_POINT('Ctrl Pts',(-53.2145556496004,-19.7036739580805,29.8813014028796));
#1393=CARTESIAN_POINT('Ctrl Pts',(-46.5861507165218,-17.1900101845819,30.4582244798027));
#1394=CARTESIAN_POINT('Ctrl Pts',(-41.8845208764797,-11.8829946523636,31.0351475567258));
#1395=CARTESIAN_POINT('Ctrl Pts',(-40.7548467217671,-7.29493365976195,31.4197629413411));
#1396=CARTESIAN_POINT('Ctrl Pts',(-40.7548467217671,-5.00000000000001,31.6120706336488));
#1397=CARTESIAN_POINT('Ctrl Pts',(-39.7491370300928,-5.,1.72236916187077));
#1398=CARTESIAN_POINT('Ctrl Pts',(-39.7491370300928,-2.54283601902466,1.91467685417846));
#1399=CARTESIAN_POINT('Ctrl Pts',(-40.9585015656523,2.36885937860252,2.29929223879385));
#1400=CARTESIAN_POINT('Ctrl Pts',(-45.992109783635,8.05072171547497,2.87621531571692));
#1401=CARTESIAN_POINT('Ctrl Pts',(-53.0884922033783,10.7417863642908,3.45313839264));
#1402=CARTESIAN_POINT('Ctrl Pts',(-60.6231997733256,9.82709278897753,4.03006146956308));
#1403=CARTESIAN_POINT('Ctrl Pts',(-66.8695017494091,5.51545426253417,4.60698454648615));
#1404=CARTESIAN_POINT('Ctrl Pts',(-70.39673922217,-1.20503468253494,5.18390762340923));
#1405=CARTESIAN_POINT('Ctrl Pts',(-70.3967236573802,-8.79495879102736,5.76083070033231));
#1406=CARTESIAN_POINT('Ctrl Pts',(-66.8695261205255,-15.5154775362702,6.33775377725538));
#1407=CARTESIAN_POINT('Ctrl Pts',(-60.6231527155866,-19.8270395792098,6.91467685417846));
#1408=CARTESIAN_POINT('Ctrl Pts',(-53.0885878098969,-20.7418995619924,7.49159993110153));
#1409=CARTESIAN_POINT('Ctrl Pts',(-45.9919019966412,-18.0504829297585,8.06852300802462));
#1410=CARTESIAN_POINT('Ctrl Pts',(-40.9588640290829,-12.3693565613428,8.64544608494768));
#1411=CARTESIAN_POINT('Ctrl Pts',(-39.1424805462321,-5.00000007264154,9.22236916187078));
#1412=CARTESIAN_POINT('Ctrl Pts',(-40.9588639309932,2.3693567477565,9.79929223879383));
#1413=CARTESIAN_POINT('Ctrl Pts',(-45.9919022483601,8.05048259666424,10.3762153157169));
#1414=CARTESIAN_POINT('Ctrl Pts',(-53.088587262022,10.7419002303697,10.95313839264));
#1415=CARTESIAN_POINT('Ctrl Pts',(-60.6231538698309,9.82703819710518,11.5300614695631));
#1416=CARTESIAN_POINT('Ctrl Pts',(-66.8695237063564,5.51548041466932,12.1069845464861));
#1417=CARTESIAN_POINT('Ctrl Pts',(-70.3967286983414,-1.20504721344664,12.6839076234092));
#1418=CARTESIAN_POINT('Ctrl Pts',(-70.3967286994333,-8.79495278701116,13.2608307003323));
#1419=CARTESIAN_POINT('Ctrl Pts',(-66.8695237046462,-15.5154804130366,13.8377537772554));
#1420=CARTESIAN_POINT('Ctrl Pts',(-60.6231538731275,-19.8270382008373,14.4146768541785));
#1421=CARTESIAN_POINT('Ctrl Pts',(-53.0885872552723,-20.741900222425,14.9915999311015));
#1422=CARTESIAN_POINT('Ctrl Pts',(-45.9919022623846,-18.0504826133199,15.5685230080246));
#1423=CARTESIAN_POINT('Ctrl Pts',(-40.9588639017531,-12.3693567129593,16.1454460849477));
#1424=CARTESIAN_POINT('Ctrl Pts',(-39.1424806072441,-5.00000000000001,16.7223691618708));
#1425=CARTESIAN_POINT('Ctrl Pts',(-40.9588639017531,2.36935671295924,17.2992922387938));
#1426=CARTESIAN_POINT('Ctrl Pts',(-45.9919022623845,8.05048261331988,17.8762153157169));
#1427=CARTESIAN_POINT('Ctrl Pts',(-53.0885872552724,10.741900222425,18.45313839264));
#1428=CARTESIAN_POINT('Ctrl Pts',(-60.6231538731275,9.8270382008373,19.0300614695631));
#1429=CARTESIAN_POINT('Ctrl Pts',(-66.8695237046463,5.51548041303659,19.6069845464862));
#1430=CARTESIAN_POINT('Ctrl Pts',(-70.3967286994333,-1.2050472129888,20.1839076234092));
#1431=CARTESIAN_POINT('Ctrl Pts',(-70.3967286983414,-8.79495278655332,20.7608307003323));
#1432=CARTESIAN_POINT('Ctrl Pts',(-66.8695237063564,-15.5154804146693,21.3377537772554));
#1433=CARTESIAN_POINT('Ctrl Pts',(-60.6231538698309,-19.8270381971052,21.9146768541785));
#1434=CARTESIAN_POINT('Ctrl Pts',(-53.0885872620221,-20.7419002303697,22.4915999311015));
#1435=CARTESIAN_POINT('Ctrl Pts',(-45.9919022483601,-18.0504825966643,23.0685230080246));
#1436=CARTESIAN_POINT('Ctrl Pts',(-40.9588639309933,-12.3693567477566,23.6454460849477));
#1437=CARTESIAN_POINT('Ctrl Pts',(-39.1424805462321,-4.9999999273585,24.2223691618708));
#1438=CARTESIAN_POINT('Ctrl Pts',(-40.9588640290829,2.36935656134281,24.7992922387938));
#1439=CARTESIAN_POINT('Ctrl Pts',(-45.9919019966411,8.05048292975848,25.3762153157169));
#1440=CARTESIAN_POINT('Ctrl Pts',(-53.0885878098969,10.7418995619924,25.95313839264));
#1441=CARTESIAN_POINT('Ctrl Pts',(-60.6231527155865,9.8270395792098,26.5300614695631));
#1442=CARTESIAN_POINT('Ctrl Pts',(-66.8695261205254,5.51547753627025,27.1069845464862));
#1443=CARTESIAN_POINT('Ctrl Pts',(-70.3967236573803,-1.20504120897264,27.6839076234092));
#1444=CARTESIAN_POINT('Ctrl Pts',(-70.3967392221699,-8.79496531746501,28.2608307003323));
#1445=CARTESIAN_POINT('Ctrl Pts',(-66.8695017494092,-15.5154542625341,28.8377537772554));
#1446=CARTESIAN_POINT('Ctrl Pts',(-60.6231997733256,-19.8270927889775,29.4146768541785));
#1447=CARTESIAN_POINT('Ctrl Pts',(-53.0884922033784,-20.7417863642909,29.9915999311016));
#1448=CARTESIAN_POINT('Ctrl Pts',(-45.9921097836351,-18.050721715475,30.5685230080246));
#1449=CARTESIAN_POINT('Ctrl Pts',(-40.9585015656523,-12.3688593786026,31.1454460849477));
#1450=CARTESIAN_POINT('Ctrl Pts',(-39.7491370300928,-7.45716398097537,31.5300614695631));
#1451=CARTESIAN_POINT('Ctrl Pts',(-39.7491370300928,-5.00000000000001,31.7223691618708));
#1452=CARTESIAN_POINT('Ctrl Pts',(-38.7419241765418,-5.,1.3760162439101));
#1453=CARTESIAN_POINT('Ctrl Pts',(-38.7419241765418,-2.3810888230194,1.5683239362178));
#1454=CARTESIAN_POINT('Ctrl Pts',(-40.0313244451417,2.85571439527727,1.95293932083318));
#1455=CARTESIAN_POINT('Ctrl Pts',(-45.3972580765871,8.91238707474692,2.52986239775626));
#1456=CARTESIAN_POINT('Ctrl Pts',(-52.9622782104114,11.7813417362679,3.10678547467934));
#1457=CARTESIAN_POINT('Ctrl Pts',(-60.9945176882479,10.8061580854144,3.68370855160241));
#1458=CARTESIAN_POINT('Ctrl Pts',(-67.6532964742287,6.20984698953455,4.26063162852549));
#1459=CARTESIAN_POINT('Ctrl Pts',(-71.4134483318321,-0.954444075078103,
4.83755470544857));
#1460=CARTESIAN_POINT('Ctrl Pts',(-71.4134335018602,-9.04555242144723,5.41447778237164));
#1461=CARTESIAN_POINT('Ctrl Pts',(-67.6533196947782,-16.2098594842206,5.99140085929472));
#1462=CARTESIAN_POINT('Ctrl Pts',(-60.9944728521172,-20.8061295300604,6.56832393621779));
#1463=CARTESIAN_POINT('Ctrl Pts',(-52.9623693033209,-21.7814025760611,7.14524701314087));
#1464=CARTESIAN_POINT('Ctrl Pts',(-45.3970600992723,-18.9122600672764,7.72217009006396));
#1465=CARTESIAN_POINT('Ctrl Pts',(-40.0316697965776,-12.8559857012789,8.29909316698702));
#1466=CARTESIAN_POINT('Ctrl Pts',(-38.095343029425,-5.00000003899585,8.87601624391012));
#1467=CARTESIAN_POINT('Ctrl Pts',(-40.0316697031188,2.85598580135055,9.45293932083317));
#1468=CARTESIAN_POINT('Ctrl Pts',(-45.3970603391075,8.91225988846284,10.0298623977563));
#1469=CARTESIAN_POINT('Ctrl Pts',(-52.9623687813113,11.7814029348632,10.6067854746793));
#1470=CARTESIAN_POINT('Ctrl Pts',(-60.9944739518694,10.8061287881112,11.1837085516024));
#1471=CARTESIAN_POINT('Ctrl Pts',(-67.6533173945826,6.20986102941827,11.7606316285255));
#1472=CARTESIAN_POINT('Ctrl Pts',(-71.4134383048363,-0.954450801915204,
12.3375547054486));
#1473=CARTESIAN_POINT('Ctrl Pts',(-71.4134383058766,-9.04554919833054,12.9144777823717));
#1474=CARTESIAN_POINT('Ctrl Pts',(-67.6533173929533,-16.2098610285417,13.4914008592947));
#1475=CARTESIAN_POINT('Ctrl Pts',(-60.9944739550103,-20.8061287901147,14.0683239362178));
#1476=CARTESIAN_POINT('Ctrl Pts',(-52.9623687748804,-21.7814029305983,14.6452470131409));
#1477=CARTESIAN_POINT('Ctrl Pts',(-45.3970603524698,-18.912259897404,15.2221700900639));
#1478=CARTESIAN_POINT('Ctrl Pts',(-40.0316696752592,-12.8559857826705,15.799093166987));
#1479=CARTESIAN_POINT('Ctrl Pts',(-38.0953430875566,-5.00000000000002,16.3760162439101));
#1480=CARTESIAN_POINT('Ctrl Pts',(-40.0316696752591,2.85598578267049,16.9529393208332));
#1481=CARTESIAN_POINT('Ctrl Pts',(-45.3970603524699,8.91225989740401,17.5298623977563));
#1482=CARTESIAN_POINT('Ctrl Pts',(-52.9623687748804,11.7814029305982,18.1067854746793));
#1483=CARTESIAN_POINT('Ctrl Pts',(-60.9944739550103,10.8061287901147,18.6837085516024));
#1484=CARTESIAN_POINT('Ctrl Pts',(-67.6533173929533,6.20986102854178,19.2606316285255));
#1485=CARTESIAN_POINT('Ctrl Pts',(-71.4134383058767,-0.954450801669424,
19.8375547054486));
#1486=CARTESIAN_POINT('Ctrl Pts',(-71.4134383048363,-9.04554919808476,20.4144777823716));
#1487=CARTESIAN_POINT('Ctrl Pts',(-67.6533173945827,-16.2098610294183,20.9914008592947));
#1488=CARTESIAN_POINT('Ctrl Pts',(-60.9944739518694,-20.8061287881113,21.5683239362178));
#1489=CARTESIAN_POINT('Ctrl Pts',(-52.9623687813114,-21.7814029348631,22.1452470131409));
#1490=CARTESIAN_POINT('Ctrl Pts',(-45.3970603391075,-18.9122598884629,22.722170090064));
#1491=CARTESIAN_POINT('Ctrl Pts',(-40.0316697031189,-12.8559858013506,23.299093166987));
#1492=CARTESIAN_POINT('Ctrl Pts',(-38.095343029425,-4.99999996100421,23.8760162439101));
#1493=CARTESIAN_POINT('Ctrl Pts',(-40.0316697965777,2.8559857012789,24.4529393208332));
#1494=CARTESIAN_POINT('Ctrl Pts',(-45.3970600992722,8.91226006727636,25.0298623977563));
#1495=CARTESIAN_POINT('Ctrl Pts',(-52.9623693033209,11.7814025760611,25.6067854746794));
#1496=CARTESIAN_POINT('Ctrl Pts',(-60.9944728521172,10.8061295300605,26.1837085516024));
#1497=CARTESIAN_POINT('Ctrl Pts',(-67.6533196947782,6.20985948422062,26.7606316285255));
#1498=CARTESIAN_POINT('Ctrl Pts',(-71.4134335018602,-0.954447578552739,
27.3375547054486));
#1499=CARTESIAN_POINT('Ctrl Pts',(-71.4134483318321,-9.04555592492187,27.9144777823716));
#1500=CARTESIAN_POINT('Ctrl Pts',(-67.6532964742288,-16.2098469895345,28.4914008592947));
#1501=CARTESIAN_POINT('Ctrl Pts',(-60.9945176882479,-20.8061580854144,29.0683239362178));
#1502=CARTESIAN_POINT('Ctrl Pts',(-52.9622782104115,-21.7813417362679,29.6452470131409));
#1503=CARTESIAN_POINT('Ctrl Pts',(-45.3972580765872,-18.9123870747469,30.2221700900639));
#1504=CARTESIAN_POINT('Ctrl Pts',(-40.0313244451417,-12.8557143952773,30.7990931669871));
#1505=CARTESIAN_POINT('Ctrl Pts',(-38.7419241765418,-7.61891117698062,31.1837085516024));
#1506=CARTESIAN_POINT('Ctrl Pts',(-38.7419241765418,-5.00000000000002,31.3760162439101));
#1507=CARTESIAN_POINT('Ctrl Pts',(-38.32,-5.,0.502654824574368));
#1508=CARTESIAN_POINT('Ctrl Pts',(-38.32,-2.31180702008186,0.69496251688206));
#1509=CARTESIAN_POINT('Ctrl Pts',(-39.6424518060061,3.05910403367039,1.07957790149744));
#1510=CARTESIAN_POINT('Ctrl Pts',(-45.1479110114375,9.27404028916017,1.65650097842052));
#1511=CARTESIAN_POINT('Ctrl Pts',(-52.9093272101638,12.2170426515095,2.2334240553436));
#1512=CARTESIAN_POINT('Ctrl Pts',(-61.1502219890566,11.2167519993316,2.81034713226668));
#1513=CARTESIAN_POINT('Ctrl Pts',(-67.9819255397448,6.50095821741477,3.38727020918975));
#1514=CARTESIAN_POINT('Ctrl Pts',(-71.8397463090022,-0.849355244570049,
3.96419328611283));
#1515=CARTESIAN_POINT('Ctrl Pts',(-71.8397267256311,-9.15063260124899,4.5411163630359));
#1516=CARTESIAN_POINT('Ctrl Pts',(-67.981956203096,-16.5010015585559,5.11803943995898));
#1517=CARTESIAN_POINT('Ctrl Pts',(-61.1501627817573,-21.216652894723,5.69496251688206));
#1518=CARTESIAN_POINT('Ctrl Pts',(-52.909447500766,-22.2172533522996,6.27188559380514));
#1519=CARTESIAN_POINT('Ctrl Pts',(-45.1476495771443,-19.2735938911685,6.84880867072822));
#1520=CARTESIAN_POINT('Ctrl Pts',(-39.6429078517335,-13.0600235293369,7.42573174765128));
#1521=CARTESIAN_POINT('Ctrl Pts',(-37.6562901697012,-5.00000013527893,8.00265482457437));
#1522=CARTESIAN_POINT('Ctrl Pts',(-39.6429077283187,3.06002387649146,8.57957790149744));
#1523=CARTESIAN_POINT('Ctrl Pts',(-45.147649893853,9.27359327085349,9.15650097842053));
#1524=CARTESIAN_POINT('Ctrl Pts',(-52.9094468114385,12.2172545970057,9.73342405534359));
#1525=CARTESIAN_POINT('Ctrl Pts',(-61.1501642340092,11.2166503208564,10.3103471322667));
#1526=CARTESIAN_POINT('Ctrl Pts',(-67.9819531656268,6.50100691894385,10.8872702091897));
#1527=CARTESIAN_POINT('Ctrl Pts',(-71.8397330680884,-0.849378580756493,
11.4641932861128));
#1528=CARTESIAN_POINT('Ctrl Pts',(-71.8397330694622,-9.15062142009609,12.0411163630359));
#1529=CARTESIAN_POINT('Ctrl Pts',(-67.9819531634752,-16.5010069159032,12.618039439959));
#1530=CARTESIAN_POINT('Ctrl Pts',(-61.1501642381569,-21.2166503278067,13.1949625168821));
#1531=CARTESIAN_POINT('Ctrl Pts',(-52.9094468029463,-22.2172545822105,13.7718855938051));
#1532=CARTESIAN_POINT('Ctrl Pts',(-45.1476499114984,-19.273593301871,14.3488086707282));
#1533=CARTESIAN_POINT('Ctrl Pts',(-39.6429076915293,-13.0600238116892,14.9257317476513));
#1534=CARTESIAN_POINT('Ctrl Pts',(-37.6562902464656,-5.00000000000002,15.5026548245744));
#1535=CARTESIAN_POINT('Ctrl Pts',(-39.6429076915293,3.06002381168921,16.0795779014974));
#1536=CARTESIAN_POINT('Ctrl Pts',(-45.1476499114984,9.27359330187097,16.6565009784205));
#1537=CARTESIAN_POINT('Ctrl Pts',(-52.9094468029462,12.2172545822105,17.2334240553436));
#1538=CARTESIAN_POINT('Ctrl Pts',(-61.1501642381569,11.2166503278067,17.8103471322667));
#1539=CARTESIAN_POINT('Ctrl Pts',(-67.9819531634752,6.50100691590324,18.3872702091897));
#1540=CARTESIAN_POINT('Ctrl Pts',(-71.8397330694622,-0.849378579903872,
18.9641932861128));
#1541=CARTESIAN_POINT('Ctrl Pts',(-71.8397330680883,-9.15062141924347,19.5411163630359));
#1542=CARTESIAN_POINT('Ctrl Pts',(-67.9819531656269,-16.5010069189439,20.118039439959));
#1543=CARTESIAN_POINT('Ctrl Pts',(-61.1501642340091,-21.2166503208564,20.6949625168821));
#1544=CARTESIAN_POINT('Ctrl Pts',(-52.9094468114386,-22.2172545970057,21.2718855938051));
#1545=CARTESIAN_POINT('Ctrl Pts',(-45.147649893853,-19.2735932708535,21.8488086707282));
#1546=CARTESIAN_POINT('Ctrl Pts',(-39.6429077283187,-13.0600238764915,22.4257317476513));
#1547=CARTESIAN_POINT('Ctrl Pts',(-37.6562901697012,-4.99999986472112,23.0026548245744));
#1548=CARTESIAN_POINT('Ctrl Pts',(-39.6429078517335,3.06002352933685,23.5795779014975));
#1549=CARTESIAN_POINT('Ctrl Pts',(-45.1476495771443,9.27359389116847,24.1565009784205));
#1550=CARTESIAN_POINT('Ctrl Pts',(-52.9094475007659,12.2172533522996,24.7334240553436));
#1551=CARTESIAN_POINT('Ctrl Pts',(-61.1501627817573,11.216652894723,25.3103471322667));
#1552=CARTESIAN_POINT('Ctrl Pts',(-67.981956203096,6.50100155855597,25.8872702091898));
#1553=CARTESIAN_POINT('Ctrl Pts',(-71.8397267256311,-0.849367398750994,
26.4641932861128));
#1554=CARTESIAN_POINT('Ctrl Pts',(-71.8397463090021,-9.1506447554299,27.0411163630359));
#1555=CARTESIAN_POINT('Ctrl Pts',(-67.9819255397448,-16.5009582174147,27.618039439959));
#1556=CARTESIAN_POINT('Ctrl Pts',(-61.1502219890566,-21.2167519993316,28.194962516882));
#1557=CARTESIAN_POINT('Ctrl Pts',(-52.9093272101639,-22.2170426515095,28.7718855938051));
#1558=CARTESIAN_POINT('Ctrl Pts',(-45.1479110114375,-19.2740402891602,29.3488086707282));
#1559=CARTESIAN_POINT('Ctrl Pts',(-39.6424518060061,-13.0591040336704,29.9257317476513));
#1560=CARTESIAN_POINT('Ctrl Pts',(-38.32,-7.68819297991816,30.3103471322667));
#1561=CARTESIAN_POINT('Ctrl Pts',(-38.32,-5.00000000000002,30.5026548245744));
#1562=CARTESIAN_POINT('Ctrl Pts',(-38.32,-5.,2.05740662256756E-16));
#1563=CARTESIAN_POINT('Ctrl Pts',(-38.32,-2.31272997631396,0.192307692307692));
#1564=CARTESIAN_POINT('Ctrl Pts',(-39.6427395874357,3.05943997104154,0.576923076923078));
#1565=CARTESIAN_POINT('Ctrl Pts',(-45.1480090769913,9.27361720536681,1.15384615384615));
#1566=CARTESIAN_POINT('Ctrl Pts',(-52.9093753820369,12.2169044799804,1.73076923076923));
#1567=CARTESIAN_POINT('Ctrl Pts',(-61.1501262570475,11.2164731855864,2.30769230769231));
#1568=CARTESIAN_POINT('Ctrl Pts',(-67.9817468467634,6.50082012208229,2.88461538461538));
#1569=CARTESIAN_POINT('Ctrl Pts',(-71.8395068413746,-0.849425277174577,
3.46153846153846));
#1570=CARTESIAN_POINT('Ctrl Pts',(-71.839490320201,-9.15056856876646,4.03846153846154));
#1571=CARTESIAN_POINT('Ctrl Pts',(-67.9817727153713,-16.5008420681883,4.61538461538461));
#1572=CARTESIAN_POINT('Ctrl Pts',(-61.1500763078296,-21.2164230141784,5.19230769230769));
#1573=CARTESIAN_POINT('Ctrl Pts',(-52.9094768631308,-22.2170112399965,5.76923076923076));
#1574=CARTESIAN_POINT('Ctrl Pts',(-45.1477885224544,-19.2733923789794,6.34615384615385));
#1575=CARTESIAN_POINT('Ctrl Pts',(-39.6431243225559,-13.0599100429171,6.92307692307691));
#1576=CARTESIAN_POINT('Ctrl Pts',(-37.6565346838178,-5.0000000684971,7.50000000000001));
#1577=CARTESIAN_POINT('Ctrl Pts',(-39.6431242184391,3.05991021869524,8.07692307692306));
#1578=CARTESIAN_POINT('Ctrl Pts',(-45.1477887896402,9.27339206488923,8.65384615384616));
#1579=CARTESIAN_POINT('Ctrl Pts',(-52.9094762815916,12.2170118702407,9.23076923076922));
#1580=CARTESIAN_POINT('Ctrl Pts',(-61.1500775329969,11.2164217109274,9.80769230769232));
#1581=CARTESIAN_POINT('Ctrl Pts',(-67.9817701528628,6.50084478236508,10.3846153846154));
#1582=CARTESIAN_POINT('Ctrl Pts',(-71.8394956709058,-0.84943709313452,10.9615384615385));
#1583=CARTESIAN_POINT('Ctrl Pts',(-71.8394956720648,-9.15056290729716,11.5384615384615));
#1584=CARTESIAN_POINT('Ctrl Pts',(-67.9817701510476,-16.5008447808255,12.1153846153846));
#1585=CARTESIAN_POINT('Ctrl Pts',(-61.1500775364961,-21.2164217144465,12.6923076923077));
#1586=CARTESIAN_POINT('Ctrl Pts',(-52.9094762744272,-22.2170118627493,13.2692307692308));
#1587=CARTESIAN_POINT('Ctrl Pts',(-45.1477888045265,-19.2733920805946,13.8461538461538));
#1588=CARTESIAN_POINT('Ctrl Pts',(-39.6431241874023,-13.0599101858833,14.4230769230769));
#1589=CARTESIAN_POINT('Ctrl Pts',(-37.6565347485788,-5.00000000000001,15.));
#1590=CARTESIAN_POINT('Ctrl Pts',(-39.6431241874023,3.05991018588329,15.5769230769231));
#1591=CARTESIAN_POINT('Ctrl Pts',(-45.1477888045265,9.2733920805946,16.1538461538462));
#1592=CARTESIAN_POINT('Ctrl Pts',(-52.9094762744272,12.2170118627493,16.7307692307692));
#1593=CARTESIAN_POINT('Ctrl Pts',(-61.150077536496,11.2164217144465,17.3076923076923));
#1594=CARTESIAN_POINT('Ctrl Pts',(-67.9817701510476,6.50084478082551,17.8846153846154));
#1595=CARTESIAN_POINT('Ctrl Pts',(-71.8394956720648,-0.849437092702804,
18.4615384615385));
#1596=CARTESIAN_POINT('Ctrl Pts',(-71.8394956709058,-9.15056290686544,19.0384615384615));
#1597=CARTESIAN_POINT('Ctrl Pts',(-67.9817701528628,-16.5008447823651,19.6153846153846));
#1598=CARTESIAN_POINT('Ctrl Pts',(-61.1500775329969,-21.2164217109273,20.1923076923077));
#1599=CARTESIAN_POINT('Ctrl Pts',(-52.9094762815916,-22.2170118702407,20.7692307692308));
#1600=CARTESIAN_POINT('Ctrl Pts',(-45.1477887896403,-19.2733920648893,21.3461538461538));
#1601=CARTESIAN_POINT('Ctrl Pts',(-39.6431242184391,-13.0599102186953,21.9230769230769));
#1602=CARTESIAN_POINT('Ctrl Pts',(-37.6565346838178,-4.99999993150294,22.5));
#1603=CARTESIAN_POINT('Ctrl Pts',(-39.6431243225559,3.05991004291706,23.0769230769231));
#1604=CARTESIAN_POINT('Ctrl Pts',(-45.1477885224544,9.27339237897934,23.6538461538461));
#1605=CARTESIAN_POINT('Ctrl Pts',(-52.9094768631308,12.2170112399965,24.2307692307692));
#1606=CARTESIAN_POINT('Ctrl Pts',(-61.1500763078296,11.2164230141784,24.8076923076923));
#1607=CARTESIAN_POINT('Ctrl Pts',(-67.9817727153714,6.50084206818836,25.3846153846154));
#1608=CARTESIAN_POINT('Ctrl Pts',(-71.839490320201,-0.849431431233515,25.9615384615385));
#1609=CARTESIAN_POINT('Ctrl Pts',(-71.8395068413746,-9.15057472282538,26.5384615384615));
#1610=CARTESIAN_POINT('Ctrl Pts',(-67.9817468467634,-16.5008201220822,27.1153846153846));
#1611=CARTESIAN_POINT('Ctrl Pts',(-61.1501262570476,-21.2164731855864,27.6923076923077));
#1612=CARTESIAN_POINT('Ctrl Pts',(-52.909375382037,-22.2169044799804,28.2692307692308));
#1613=CARTESIAN_POINT('Ctrl Pts',(-45.1480090769913,-19.2736172053668,28.8461538461538));
#1614=CARTESIAN_POINT('Ctrl Pts',(-39.6427395874357,-13.0594399710416,29.4230769230769));
#1615=CARTESIAN_POINT('Ctrl Pts',(-38.32,-7.68727002368606,29.8076923076923));
#1616=CARTESIAN_POINT('Ctrl Pts',(-38.32,-5.00000000000002,30.));
#1617=CARTESIAN_POINT('',(-38.32,-5.,-2.05740662256756E-16));
#1618=CARTESIAN_POINT('Origin',(-40.,-5.,0.));
#1619=CARTESIAN_POINT('',(-38.32,-5.00000000000002,30.));
#1620=CARTESIAN_POINT('Ctrl Pts',(-38.32,-5.,2.05740662256756E-16));
#1621=CARTESIAN_POINT('Ctrl Pts',(-38.32,-2.31272997631396,0.192307692307692));
#1622=CARTESIAN_POINT('Ctrl Pts',(-39.6427395874357,3.05943997104154,0.576923076923078));
#1623=CARTESIAN_POINT('Ctrl Pts',(-45.1480090769913,9.27361720536681,1.15384615384615));
#1624=CARTESIAN_POINT('Ctrl Pts',(-52.9093753820369,12.2169044799804,1.73076923076923));
#1625=CARTESIAN_POINT('Ctrl Pts',(-61.1501262570475,11.2164731855864,2.30769230769231));
#1626=CARTESIAN_POINT('Ctrl Pts',(-67.9817468467634,6.50082012208229,2.88461538461538));
#1627=CARTESIAN_POINT('Ctrl Pts',(-71.8395068413746,-0.849425277174577,
3.46153846153846));
#1628=CARTESIAN_POINT('Ctrl Pts',(-71.839490320201,-9.15056856876646,4.03846153846154));
#1629=CARTESIAN_POINT('Ctrl Pts',(-67.9817727153713,-16.5008420681883,4.61538461538461));
#1630=CARTESIAN_POINT('Ctrl Pts',(-61.1500763078296,-21.2164230141784,5.19230769230769));
#1631=CARTESIAN_POINT('Ctrl Pts',(-52.9094768631308,-22.2170112399965,5.76923076923076));
#1632=CARTESIAN_POINT('Ctrl Pts',(-45.1477885224544,-19.2733923789794,6.34615384615385));
#1633=CARTESIAN_POINT('Ctrl Pts',(-39.6431243225559,-13.0599100429171,6.92307692307691));
#1634=CARTESIAN_POINT('Ctrl Pts',(-37.6565346838178,-5.0000000684971,7.50000000000001));
#1635=CARTESIAN_POINT('Ctrl Pts',(-39.6431242184391,3.05991021869524,8.07692307692306));
#1636=CARTESIAN_POINT('Ctrl Pts',(-45.1477887896402,9.27339206488923,8.65384615384616));
#1637=CARTESIAN_POINT('Ctrl Pts',(-52.9094762815916,12.2170118702407,9.23076923076922));
#1638=CARTESIAN_POINT('Ctrl Pts',(-61.1500775329969,11.2164217109274,9.80769230769232));
#1639=CARTESIAN_POINT('Ctrl Pts',(-67.9817701528628,6.50084478236508,10.3846153846154));
#1640=CARTESIAN_POINT('Ctrl Pts',(-71.8394956709058,-0.84943709313452,10.9615384615385));
#1641=CARTESIAN_POINT('Ctrl Pts',(-71.8394956720648,-9.15056290729716,11.5384615384615));
#1642=CARTESIAN_POINT('Ctrl Pts',(-67.9817701510476,-16.5008447808255,12.1153846153846));
#1643=CARTESIAN_POINT('Ctrl Pts',(-61.1500775364961,-21.2164217144465,12.6923076923077));
#1644=CARTESIAN_POINT('Ctrl Pts',(-52.9094762744272,-22.2170118627493,13.2692307692308));
#1645=CARTESIAN_POINT('Ctrl Pts',(-45.1477888045265,-19.2733920805946,13.8461538461538));
#1646=CARTESIAN_POINT('Ctrl Pts',(-39.6431241874023,-13.0599101858833,14.4230769230769));
#1647=CARTESIAN_POINT('Ctrl Pts',(-37.6565347485788,-5.00000000000001,15.));
#1648=CARTESIAN_POINT('Ctrl Pts',(-39.6431241874023,3.05991018588329,15.5769230769231));
#1649=CARTESIAN_POINT('Ctrl Pts',(-45.1477888045265,9.2733920805946,16.1538461538462));
#1650=CARTESIAN_POINT('Ctrl Pts',(-52.9094762744272,12.2170118627493,16.7307692307692));
#1651=CARTESIAN_POINT('Ctrl Pts',(-61.150077536496,11.2164217144465,17.3076923076923));
#1652=CARTESIAN_POINT('Ctrl Pts',(-67.9817701510476,6.50084478082551,17.8846153846154));
#1653=CARTESIAN_POINT('Ctrl Pts',(-71.8394956720648,-0.849437092702804,
18.4615384615385));
#1654=CARTESIAN_POINT('Ctrl Pts',(-71.8394956709058,-9.15056290686544,19.0384615384615));
#1655=CARTESIAN_POINT('Ctrl Pts',(-67.9817701528628,-16.5008447823651,19.6153846153846));
#1656=CARTESIAN_POINT('Ctrl Pts',(-61.1500775329969,-21.2164217109273,20.1923076923077));
#1657=CARTESIAN_POINT('Ctrl Pts',(-52.9094762815916,-22.2170118702407,20.7692307692308));
#1658=CARTESIAN_POINT('Ctrl Pts',(-45.1477887896403,-19.2733920648893,21.3461538461538));
#1659=CARTESIAN_POINT('Ctrl Pts',(-39.6431242184391,-13.0599102186953,21.9230769230769));
#1660=CARTESIAN_POINT('Ctrl Pts',(-37.6565346838178,-4.99999993150294,22.5));
#1661=CARTESIAN_POINT('Ctrl Pts',(-39.6431243225559,3.05991004291706,23.0769230769231));
#1662=CARTESIAN_POINT('Ctrl Pts',(-45.1477885224544,9.27339237897934,23.6538461538461));
#1663=CARTESIAN_POINT('Ctrl Pts',(-52.9094768631308,12.2170112399965,24.2307692307692));
#1664=CARTESIAN_POINT('Ctrl Pts',(-61.1500763078296,11.2164230141784,24.8076923076923));
#1665=CARTESIAN_POINT('Ctrl Pts',(-67.9817727153714,6.50084206818836,25.3846153846154));
#1666=CARTESIAN_POINT('Ctrl Pts',(-71.839490320201,-0.849431431233515,25.9615384615385));
#1667=CARTESIAN_POINT('Ctrl Pts',(-71.8395068413746,-9.15057472282538,26.5384615384615));
#1668=CARTESIAN_POINT('Ctrl Pts',(-67.9817468467634,-16.5008201220822,27.1153846153846));
#1669=CARTESIAN_POINT('Ctrl Pts',(-61.1501262570476,-21.2164731855864,27.6923076923077));
#1670=CARTESIAN_POINT('Ctrl Pts',(-52.909375382037,-22.2169044799804,28.2692307692308));
#1671=CARTESIAN_POINT('Ctrl Pts',(-45.1480090769913,-19.2736172053668,28.8461538461538));
#1672=CARTESIAN_POINT('Ctrl Pts',(-39.6427395874357,-13.0594399710416,29.4230769230769));
#1673=CARTESIAN_POINT('Ctrl Pts',(-38.32,-7.68727002368606,29.8076923076923));
#1674=CARTESIAN_POINT('Ctrl Pts',(-38.32,-5.00000000000002,30.));
#1675=CARTESIAN_POINT('Origin',(-40.,-5.00000000000001,30.));
#1676=CARTESIAN_POINT('Origin',(-40.,-5.00000000000001,30.));
#1677=CARTESIAN_POINT('Origin',(-40.,-5.,3.44191165868414E-17));
#1678=CARTESIAN_POINT('Origin',(-55.0000008195639,-5.00000007450581,-2.));
#1679=CARTESIAN_POINT('',(-67.8500008195639,-5.00000007450581,-4.3));
#1680=CARTESIAN_POINT('Origin',(-55.0000008195639,-5.00000007450581,-4.3));
#1681=CARTESIAN_POINT('',(-67.8500008195639,-5.00000007450581,-2.));
#1682=CARTESIAN_POINT('',(-67.8500008195639,-5.00000007450581,-2.));
#1683=CARTESIAN_POINT('Origin',(-55.0000008195639,-5.00000007450581,-2.));
#1684=CARTESIAN_POINT('Origin',(-55.0000008195639,-5.00000007450581,-4.3));
#1685=CARTESIAN_POINT('Origin',(-55.0000008195639,-5.00000007450581,0.));
#1686=CARTESIAN_POINT('',(-74.4164889478397,-5.00000007450581,-2.));
#1687=CARTESIAN_POINT('Origin',(-55.0000008195639,-5.00000007450581,-2.));
#1688=CARTESIAN_POINT('',(-74.4164889478397,-5.00000007450581,0.));
#1689=CARTESIAN_POINT('',(-74.4164889478397,-5.0000000745058,0.));
#1690=CARTESIAN_POINT('Origin',(-55.0000008195639,-5.00000007450581,0.));
#1691=CARTESIAN_POINT('Origin',(-55.0000008195639,-5.00000007450581,0.));
#1692=CARTESIAN_POINT('Origin',(-55.0000008195639,-5.00000007450581,-2.));
#1693=CARTESIAN_POINT('Origin',(-55.0000008195639,-5.00000007450581,32.));
#1694=CARTESIAN_POINT('',(-37.8500008195639,-5.0000000745058,34.3));
#1695=CARTESIAN_POINT('Origin',(-55.0000008195639,-5.00000007450581,34.3));
#1696=CARTESIAN_POINT('',(-37.8500008195639,-5.0000000745058,32.));
#1697=CARTESIAN_POINT('',(-37.8500008195639,-5.0000000745058,32.));
#1698=CARTESIAN_POINT('Origin',(-55.0000008195639,-5.00000007450581,32.));
#1699=CARTESIAN_POINT('Origin',(-55.0000008195639,-5.00000007450581,34.3));
#1700=CARTESIAN_POINT('',(-35.5835126912881,-5.0000000745058,34.3));
#1701=CARTESIAN_POINT('Origin',(-55.0000008195639,-5.00000007450581,34.3));
#1702=CARTESIAN_POINT('Origin',(-55.0000008195639,-5.00000007450581,30.));
#1703=CARTESIAN_POINT('',(-35.5835126912881,-5.0000000745058,30.));
#1704=CARTESIAN_POINT('',(-35.5835126912881,-5.0000000745058,30.));
#1705=CARTESIAN_POINT('Origin',(-55.0000008195639,-5.00000007450581,30.));
#1706=CARTESIAN_POINT('Origin',(-55.0000008195639,-5.00000007450581,32.));
#1707=CARTESIAN_POINT('Origin',(-55.0000008195639,-5.00000007450581,30.));
#1708=CARTESIAN_POINT('Origin',(-46.3234702950969,-14.6807964290416,33.3));
#1709=CARTESIAN_POINT('',(-46.3234702950969,-14.6807964290416,33.3));
#1710=CARTESIAN_POINT('',(-43.3864046521262,-17.6193060799753,33.3));
#1711=CARTESIAN_POINT('',(-46.3234702950969,-14.6807964290416,33.3));
#1712=CARTESIAN_POINT('',(-43.3864046521262,-17.6193060799753,34.3));
#1713=CARTESIAN_POINT('',(-43.3864046521262,-17.6193060799753,33.3));
#1714=CARTESIAN_POINT('',(-46.3234702950969,-14.6807964290416,34.3));
#1715=CARTESIAN_POINT('',(-46.3234702950969,-14.6807964290416,34.3));
#1716=CARTESIAN_POINT('',(-46.3234702950969,-14.6807964290416,33.3));
#1717=CARTESIAN_POINT('Origin',(-55.0000008195639,-5.00000007450581,33.3));
#1718=CARTESIAN_POINT('',(-42.0000008195639,-5.00000007450581,33.3));
#1719=CARTESIAN_POINT('Origin',(-55.0000008195639,-5.00000007450581,33.3));
#1720=CARTESIAN_POINT('',(-42.0000008195639,-5.00000007450581,34.3));
#1721=CARTESIAN_POINT('Origin',(-55.0000008195639,-5.00000007450581,34.3));
#1722=CARTESIAN_POINT('',(-42.0000008195639,-5.00000007450581,33.3));
#1723=CARTESIAN_POINT('Origin',(-37.8500008195639,-5.00000007450581,33.3));
#1724=CARTESIAN_POINT('',(-37.8500008195639,-5.00000007450581,33.3));
#1725=CARTESIAN_POINT('',(-42.0000008195639,-5.00000007450581,33.3));
#1726=CARTESIAN_POINT('',(-37.8500008195639,-5.00000007450581,34.3));
#1727=CARTESIAN_POINT('',(-42.0000008195639,-5.00000007450581,34.3));
#1728=CARTESIAN_POINT('',(-37.8500008195639,-5.00000007450581,33.3));
#1729=CARTESIAN_POINT('Origin',(-55.0000008195639,-5.00000007450581,33.3));
#1730=CARTESIAN_POINT('Origin',(-55.0000008195639,-5.00000007450581,33.3));
#1731=CARTESIAN_POINT('Origin',(-55.0000008195639,-5.00000007450581,34.3));
#1732=CARTESIAN_POINT('Origin',(-42.0867355573304,-11.3096530772405,34.3));
#1733=CARTESIAN_POINT('Origin',(-42.0867355573304,-11.3096530772405,33.3));
#1734=CARTESIAN_POINT('Origin',(-45.8053537789223,4.19012864048075,33.3));
#1735=CARTESIAN_POINT('',(-45.8053537789223,4.19012864048075,33.3));
#1736=CARTESIAN_POINT('',(-42.8701395313328,7.12390049949569,33.3));
#1737=CARTESIAN_POINT('',(-45.8053537789223,4.19012864048075,33.3));
#1738=CARTESIAN_POINT('',(-42.8701395313328,7.12390049949569,34.3));
#1739=CARTESIAN_POINT('',(-42.8701395313328,7.12390049949569,33.3));
#1740=CARTESIAN_POINT('',(-45.8053537789223,4.19012864048075,34.3));
#1741=CARTESIAN_POINT('',(-45.8053537789223,4.19012864048075,34.3));
#1742=CARTESIAN_POINT('',(-45.8053537789223,4.19012864048075,33.3));
#1743=CARTESIAN_POINT('Origin',(-55.0000008195639,-5.00000007450581,33.3));
#1744=CARTESIAN_POINT('',(-55.0000008195639,7.99999992549419,33.3));
#1745=CARTESIAN_POINT('Origin',(-55.0000008195639,-5.00000007450581,33.3));
#1746=CARTESIAN_POINT('',(-55.0000008195639,7.99999992549419,34.3));
#1747=CARTESIAN_POINT('Origin',(-55.0000008195639,-5.00000007450581,34.3));
#1748=CARTESIAN_POINT('',(-55.0000008195639,7.99999992549419,33.3));
#1749=CARTESIAN_POINT('Origin',(-55.0000008195639,12.1499999254942,33.3));
#1750=CARTESIAN_POINT('',(-55.0000008195639,12.1499999254942,33.3));
#1751=CARTESIAN_POINT('',(-55.0000008195639,12.1499999254942,33.3));
#1752=CARTESIAN_POINT('',(-55.0000008195639,12.1499999254942,34.3));
#1753=CARTESIAN_POINT('',(-55.0000008195639,12.1499999254942,34.3));
#1754=CARTESIAN_POINT('',(-55.0000008195639,12.1499999254942,33.3));
#1755=CARTESIAN_POINT('Origin',(-55.0000008195639,-5.00000007450581,33.3));
#1756=CARTESIAN_POINT('Origin',(-55.0000008195639,-5.00000007450581,33.3));
#1757=CARTESIAN_POINT('Origin',(-55.0000008195639,-5.00000007450581,34.3));
#1758=CARTESIAN_POINT('Origin',(-48.9350701754483,8.17006428298747,34.3));
#1759=CARTESIAN_POINT('Origin',(-48.9350701754483,8.17006428298747,33.3));
#1760=CARTESIAN_POINT('Origin',(-64.1946478602055,-14.1901287894924,33.3));
#1761=CARTESIAN_POINT('',(-64.1946478602055,-14.1901287894924,33.3));
#1762=CARTESIAN_POINT('',(-67.1298621077949,-17.1239006485073,33.3));
#1763=CARTESIAN_POINT('',(-64.1946478602055,-14.1901287894924,33.3));
#1764=CARTESIAN_POINT('',(-67.1298621077949,-17.1239006485073,34.3));
#1765=CARTESIAN_POINT('',(-67.1298621077949,-17.1239006485073,33.3));
#1766=CARTESIAN_POINT('',(-64.1946478602055,-14.1901287894924,34.3));
#1767=CARTESIAN_POINT('',(-64.1946478602055,-14.1901287894924,34.3));
#1768=CARTESIAN_POINT('',(-64.1946478602055,-14.1901287894924,33.3));
#1769=CARTESIAN_POINT('Origin',(-55.0000008195639,-5.00000007450581,33.3));
#1770=CARTESIAN_POINT('',(-55.0000008195639,-18.0000000745058,33.3));
#1771=CARTESIAN_POINT('Origin',(-55.0000008195639,-5.00000007450581,33.3));
#1772=CARTESIAN_POINT('',(-55.0000008195639,-18.0000000745058,34.3));
#1773=CARTESIAN_POINT('Origin',(-55.0000008195639,-5.00000007450581,34.3));
#1774=CARTESIAN_POINT('',(-55.0000008195639,-18.0000000745058,33.3));
#1775=CARTESIAN_POINT('Origin',(-55.0000008195639,-22.1500000745058,33.3));
#1776=CARTESIAN_POINT('',(-55.0000008195639,-22.1500000745058,33.3));
#1777=CARTESIAN_POINT('',(-55.0000008195639,-18.0000000745058,33.3));
#1778=CARTESIAN_POINT('',(-55.0000008195639,-22.1500000745058,34.3));
#1779=CARTESIAN_POINT('',(-55.0000008195639,-18.0000000745058,34.3));
#1780=CARTESIAN_POINT('',(-55.0000008195639,-22.1500000745058,33.3));
#1781=CARTESIAN_POINT('Origin',(-55.0000008195639,-5.00000007450581,33.3));
#1782=CARTESIAN_POINT('Origin',(-55.0000008195639,-5.00000007450581,33.3));
#1783=CARTESIAN_POINT('Origin',(-55.0000008195639,-5.00000007450581,34.3));
#1784=CARTESIAN_POINT('Origin',(-61.0649314636794,-18.1700644319991,34.3));
#1785=CARTESIAN_POINT('Origin',(-61.0649314636794,-18.1700644319991,33.3));
#1786=CARTESIAN_POINT('Origin',(-64.1901295345504,4.19464696613581,33.3));
#1787=CARTESIAN_POINT('',(-64.1901295345504,4.19464696613581,33.3));
#1788=CARTESIAN_POINT('',(-67.1239013935654,7.12986121372525,33.3));
#1789=CARTESIAN_POINT('',(-64.1901295345504,4.19464696613581,33.3));
#1790=CARTESIAN_POINT('',(-67.1239013935654,7.12986121372525,34.3));
#1791=CARTESIAN_POINT('',(-67.1239013935654,7.12986121372525,33.3));
#1792=CARTESIAN_POINT('',(-64.1901295345504,4.19464696613581,34.3));
#1793=CARTESIAN_POINT('',(-64.1901295345504,4.19464696613581,34.3));
#1794=CARTESIAN_POINT('',(-64.1901295345504,4.19464696613581,33.3));
#1795=CARTESIAN_POINT('Origin',(-55.0000008195639,-5.00000007450581,33.3));
#1796=CARTESIAN_POINT('',(-68.0000008195639,-5.00000007450581,33.3));
#1797=CARTESIAN_POINT('Origin',(-55.0000008195639,-5.00000007450581,33.3));
#1798=CARTESIAN_POINT('',(-68.0000008195639,-5.00000007450581,34.3));
#1799=CARTESIAN_POINT('Origin',(-55.0000008195639,-5.00000007450581,34.3));
#1800=CARTESIAN_POINT('',(-68.0000008195639,-5.00000007450581,33.3));
#1801=CARTESIAN_POINT('Origin',(-72.1500008195639,-5.00000007450581,33.3));
#1802=CARTESIAN_POINT('',(-72.1500008195639,-5.00000007450581,33.3));
#1803=CARTESIAN_POINT('',(-68.0000008195639,-5.00000007450581,33.3));
#1804=CARTESIAN_POINT('',(-72.1500008195639,-5.00000007450581,34.3));
#1805=CARTESIAN_POINT('',(-68.0000008195639,-5.00000007450581,34.3));
#1806=CARTESIAN_POINT('',(-72.1500008195639,-5.00000007450581,33.3));
#1807=CARTESIAN_POINT('Origin',(-55.0000008195639,-5.00000007450581,33.3));
#1808=CARTESIAN_POINT('Origin',(-55.0000008195639,-5.00000007450581,33.3));
#1809=CARTESIAN_POINT('Origin',(-55.0000008195639,-5.00000007450581,34.3));
#1810=CARTESIAN_POINT('Origin',(-68.1700651770571,1.06493056960972,34.3));
#1811=CARTESIAN_POINT('Origin',(-68.1700651770571,1.06493056960972,33.3));
#1812=CARTESIAN_POINT('Origin',(-44.7230505503621,7.90869053160734,-3.3));
#1813=CARTESIAN_POINT('',(-46.7429840972869,4.8460232267077,-3.3));
#1814=CARTESIAN_POINT('',(-44.7230505503621,7.90869053160734,-3.3));
#1815=CARTESIAN_POINT('',(-46.7429840972869,4.8460232267077,-3.3));
#1816=CARTESIAN_POINT('',(-46.7429840972869,4.8460232267077,-4.3));
#1817=CARTESIAN_POINT('',(-46.7429840972869,4.8460232267077,-3.3));
#1818=CARTESIAN_POINT('',(-44.7230505503621,7.90869053160734,-4.3));
#1819=CARTESIAN_POINT('',(-46.7429840972869,4.8460232267077,-4.3));
#1820=CARTESIAN_POINT('',(-44.7230505503621,7.90869053160734,-3.3));
#1821=CARTESIAN_POINT('Origin',(-55.0000008195639,-5.00000007450581,-3.3));
#1822=CARTESIAN_POINT('',(-53.7598054575199,11.4533252873767,-3.3));
#1823=CARTESIAN_POINT('Origin',(-55.0000008195639,-5.00000007450581,-3.3));
#1824=CARTESIAN_POINT('',(-53.7598054575199,11.4533252873767,-4.3));
#1825=CARTESIAN_POINT('Origin',(-55.0000008195639,-5.00000007450581,-4.3));
#1826=CARTESIAN_POINT('',(-53.7598054575199,11.4533252873767,-3.3));
#1827=CARTESIAN_POINT('Origin',(-54.2361001684545,7.82727382898729,-3.3));
#1828=CARTESIAN_POINT('',(-54.2361001684545,7.82727382898729,-3.3));
#1829=CARTESIAN_POINT('',(-54.2361001684545,7.82727382898729,-3.3));
#1830=CARTESIAN_POINT('',(-54.2361001684545,7.82727382898729,-4.3));
#1831=CARTESIAN_POINT('',(-54.2361001684545,7.82727382898729,-4.3));
#1832=CARTESIAN_POINT('',(-54.2361001684545,7.82727382898729,-3.3));
#1833=CARTESIAN_POINT('Origin',(-55.0000008195639,-5.00000007450581,-3.3));
#1834=CARTESIAN_POINT('Origin',(-55.0000008195639,-5.00000007450581,-3.3));
#1835=CARTESIAN_POINT('Origin',(-55.0000008195639,-5.00000007450581,-4.3));
#1836=CARTESIAN_POINT('Origin',(-55.0000008195639,-5.02109164272857,-4.3));
#1837=CARTESIAN_POINT('Origin',(-55.0000008195639,-5.02109164272857,-3.3));
#1838=CARTESIAN_POINT('Origin',(-65.4383615647473,-17.7785220920716,-3.3));
#1839=CARTESIAN_POINT('',(-63.2323146992172,-14.8666868632342,-3.3));
#1840=CARTESIAN_POINT('',(-65.4383615647473,-17.7785220920716,-3.3));
#1841=CARTESIAN_POINT('',(-63.2323146992172,-14.8666868632342,-3.3));
#1842=CARTESIAN_POINT('',(-63.2323146992172,-14.8666868632342,-4.3));
#1843=CARTESIAN_POINT('',(-63.2323146992172,-14.8666868632342,-3.3));
#1844=CARTESIAN_POINT('',(-65.4383615647473,-17.7785220920716,-4.3));
#1845=CARTESIAN_POINT('',(-63.2323146992172,-14.8666868632342,-4.3));
#1846=CARTESIAN_POINT('',(-65.4383615647473,-17.7785220920716,-3.3));
#1847=CARTESIAN_POINT('Origin',(-55.0000008195639,-5.00000007450581,-3.3));
#1848=CARTESIAN_POINT('',(-55.3849675474624,-21.4955085728338,-3.3));
#1849=CARTESIAN_POINT('Origin',(-55.0000008195639,-5.00000007450581,-3.3));
#1850=CARTESIAN_POINT('',(-55.3849675474624,-21.4955085728338,-4.3));
#1851=CARTESIAN_POINT('Origin',(-55.0000008195639,-5.00000007450581,-4.3));
#1852=CARTESIAN_POINT('',(-55.3849675474624,-21.4955085728338,-3.3));
#1853=CARTESIAN_POINT('Origin',(-55.3849675474624,-17.8442322671443,-3.3));
#1854=CARTESIAN_POINT('',(-55.3849675474624,-17.8442322671443,-3.3));
#1855=CARTESIAN_POINT('',(-55.3849675474624,-17.8442322671443,-3.3));
#1856=CARTESIAN_POINT('',(-55.3849675474624,-17.8442322671443,-4.3));
#1857=CARTESIAN_POINT('',(-55.3849675474624,-17.8442322671443,-4.3));
#1858=CARTESIAN_POINT('',(-55.3849675474624,-17.8442322671443,-3.3));
#1859=CARTESIAN_POINT('Origin',(-55.0000008195639,-5.00000007450581,-3.3));
#1860=CARTESIAN_POINT('Origin',(-55.0000008195639,-5.00000007450581,-3.3));
#1861=CARTESIAN_POINT('Origin',(-55.0000008195639,-5.00000007450581,-4.3));
#1862=CARTESIAN_POINT('Origin',(-55.0000008195639,-6.8227543236698,-4.3));
#1863=CARTESIAN_POINT('Origin',(-55.0000008195639,-6.8227543236698,-3.3));
#1864=UNCERTAINTY_MEASURE_WITH_UNIT(LENGTH_MEASURE(0.01),#1868,
'DISTANCE_ACCURACY_VALUE',
'Maximum model space distance between geometric entities at asserted c
onnectivities');
#1865=UNCERTAINTY_MEASURE_WITH_UNIT(LENGTH_MEASURE(0.01),#1868,
'DISTANCE_ACCURACY_VALUE',
'Maximum model space distance between geometric entities at asserted c
onnectivities');
#1866=(
GEOMETRIC_REPRESENTATION_CONTEXT(3)
GLOBAL_UNCERTAINTY_ASSIGNED_CONTEXT((#1864))
GLOBAL_UNIT_ASSIGNED_CONTEXT((#1868,#1870,#1871))
REPRESENTATION_CONTEXT('','3D')
);
#1867=(
GEOMETRIC_REPRESENTATION_CONTEXT(3)
GLOBAL_UNCERTAINTY_ASSIGNED_CONTEXT((#1865))
GLOBAL_UNIT_ASSIGNED_CONTEXT((#1868,#1870,#1871))
REPRESENTATION_CONTEXT('','3D')
);
#1868=(
LENGTH_UNIT()
NAMED_UNIT(*)
SI_UNIT(.MILLI.,.METRE.)
);
#1869=(
LENGTH_UNIT()
NAMED_UNIT(*)
SI_UNIT($,.METRE.)
);
#1870=(
NAMED_UNIT(*)
PLANE_ANGLE_UNIT()
SI_UNIT($,.RADIAN.)
);
#1871=(
NAMED_UNIT(*)
SI_UNIT($,.STERADIAN.)
SOLID_ANGLE_UNIT()
);
#1872=SHAPE_DEFINITION_REPRESENTATION(#1873,#1874);
#1873=PRODUCT_DEFINITION_SHAPE('',$,#1876);
#1874=SHAPE_REPRESENTATION('',(#710),#1866);
#1875=PRODUCT_DEFINITION_CONTEXT('part definition',#1880,'design');
#1876=PRODUCT_DEFINITION('2026-04-29-18-21-24-597','spring-5-15',#1877,
#1875);
#1877=PRODUCT_DEFINITION_FORMATION('',$,#1882);
#1878=PRODUCT_RELATED_PRODUCT_CATEGORY('spring-5-15','spring-5-15',(#1882));
#1879=APPLICATION_PROTOCOL_DEFINITION('international standard',
'automotive_design',2009,#1880);
#1880=APPLICATION_CONTEXT(
'Core Data for Automotive Mechanical Design Process');
#1881=PRODUCT_CONTEXT('part definition',#1880,'mechanical');
#1882=PRODUCT('2026-04-29-18-21-24-597','spring-5-15',$,(#1881));
#1883=PRESENTATION_STYLE_ASSIGNMENT((#1884));
#1884=SURFACE_STYLE_USAGE(.BOTH.,#1885);
#1885=SURFACE_SIDE_STYLE('',(#1886));
#1886=SURFACE_STYLE_FILL_AREA(#1887);
#1887=FILL_AREA_STYLE('Steel - Satin',(#1888));
#1888=FILL_AREA_STYLE_COLOUR('Steel - Satin',#1889);
#1889=COLOUR_RGB('Steel - Satin',0.627450980392157,0.627450980392157,0.627450980392157);
ENDSEC;
END-ISO-10303-21;
